Name,ID,Exist,Channel,Video
Zee TV,UCppHT7SZKKvar4Oc9J4oljQ,1,1,1
T-Series,UCq-Fj5jknLsUf-MWSy4_brA,1,1,1
Cocomelon - Nursery Rhymes,UCbCmjCuTUZos6Inko4u57UQ,1,1,1
SET India,UCpEhnqL0y41EpW2TvWAHD7Q,1,1,1
WWE,UCJ5v_MCY6GNUBTO8-D3XoAg,1,1,1
Movieclips,UC3gNmTGu-TTbFPpfSs5kNkg,1,1,1
netd müzik,UCR5wZcXtOUka8jTA57flzMg,1,1,1
ABS-CBN Entertainment,UCstEtN0pgOmCf02EdXsGChw,1,1,1
Ryan ToysReview,UChGJGhZ9SOOHvBB0Y4DOO_w,1,1,1
Zee Marathi,UC82o9tQyo_cJhtyoFi-ROEw,1,1,1
5-Minute Crafts,UC295-Dw_tDNtZXFeAPAW6Aw,1,1,1
Canal KondZilla,UCffDXn7ycAzwL2LDlbyWOTw,1,1,1
Like Nastya Vlog,UCJplp5SjeGSdVdwsfb9Q7lQ,1,1,1
Ozuna,UCjIA3wwhi0QjSOXAZwOXbPA,1,1,1
Wave Music,UCbuK8xxu2P_sqoMnDsoBrrg,1,1,1
Ch3Thailand,UC48h7Dst_hX82HxOf3xJw_w,1,1,1
WORLDSTARHIPHOP,UC-yXuc1__OzjwpsJPlxYUCQ,1,1,1
Vlad and Nikita,UCvlE5gTbOvjiolFlEm-c_Ow,1,1,1
Badabun,UCYWOjHweP2V-8kGKmmAmQJQ,1,1,1
WorkpointOfficial,UC3ZkCd7XtUREnjjt3cyY_gg,1,1,1
xxxtentacion,UCM9r1xn6s30OnlJWb-jc3Sw,1,1,1
Zee Music Company,UCFFbwnve3yF62-tVXkTyHqg,1,1,1
SAB TV,UC6-F5tO8uklgE9Zy8IvbdFw,1,1,1
DeadloxMC,UC8D3BeV7T9LEXQF2xieS46g,1,1,1
ETV Andhra Pradesh,UCJi8M0hRKjz8SLPvJKEVTOg,1,1,1
Shemaroo Filmi Gaane,UCP6uH_XlsxrXwZQ4DlqbqPg,1,1,1
ibighit,UC3IZKseVpdzPSBaWxBxundA,1,1,1
El Reino Infantil,UCK1i2UviaXLUNrZlAFpw_jA,1,1,1
Zee Telugu,UC3PYGKK29qJ0zu-eEthHK4g,1,1,1
Zee Bangla,UCeMsqI6jU9WE2ctsrbxbywQ,1,1,1
Stacy Toys,UCS94J1s6-qc8v7btCdS2pNg,1,1,1
Toys and Colors,UCgFXm4TI8htWmCyJ6cVPG_A,1,1,1
Top Breaking News,UCP0uG-mcMImgKnJz-VjJZmQ,1,1,1
Colors TV,UC55IWqFLDH1Xp7iu1_xknRA,1,1,1
Goldmines Telefilms,UCyoXW-Dse7fURq30EWl_CUA,1,1,1
one31,UC8f7MkX4MFOOJ2SerXLInCA,1,1,1
[토이푸딩] ToyPudding TV,UCKqx9r4mrFglauNBJc1L_eg,1,1,1
CKN Toys,UCfaZw8XH_zmAVkBst_MPD6w,1,1,1
GMA Network,UCKL5hAuzgFQsyrsQKgU0Qng,1,1,1
Zé Neto e Cristiano,UCRRu9OXVYd5clj2Bs29gUVQ,1,1,1
Inside Edition,UC9k-yiEpRHMNVOnOi_aQK8w,1,1,1
GRAMMY GOLD OFFICIAL,UCFWsjsN53Sqvg2pWhSFmWBQ,1,1,1
RedeTV,UCd7VVhgnd2eCv9JEghvR_1w,1,1,1
Bouncing Baby TV,UCKRavtVhYBxTzigyGVLPPZQ,1,1,0
Speed Records,UCOsyDsO5tIt-VZ1iwjdQmew,1,1,1
GR6 EXPLODE,UCNUQK9mQoqi4yNXw2_Rj6SA,1,1,1
Sony Music India,UC56gTxNs4f9xZ7Pa2i5xNzg,1,1,1
Infobells - Hindi,UC1ciY6kR3yj3kaKZ6R7ewAg,1,1,1
T-Series Apna Punjab,UCcvNYxWXR_5TjVK7cSCdW-g,1,1,1
T-Series Bhakti Sagar,UCaayLD9i5x4MmIoVZxXSv_g,1,1,1
Tips Official,UCJrDMFOdv1I2k8n9oK_V21w,1,1,1
Ultra Bollywood,UCmL1WlDI8UkXDXCXcBQN9CA,1,1,1
La Granja de Zenón,UCwpcLKMwiuPg4aqImpGk6Ew,1,1,1
✿ Kids Diana Show,UCk8GzjMOrta8yxDcKfylJYw,1,1,1
Boram Tube ToysReview [보람튜브…,UC3pnQ7MHDABUFungNcMQ7dA,1,1,1
CVS 3D Rhymes,UCsPF3cApzCohxPp5oKdoWSQ,1,1,1
Maroon5VEVO,UCN1hnUccO4FD5WfM7ithXaw,1,1,1
الرماس ميوزك,UCVrstuGnHjpUXr9G98wwKow,1,1,1
Pencilmation,UCUAL--p3qAa27luR0IYbjZA,1,1,1
1theK (원더케이),UCweOkPb1wVVH0Q0Tlj4a5Pw,1,1,1
Pinkfong! Kids' Songs & Stories,UCcdwLMPsaU2ezNSJU1nFoBQ,1,1,1
Ed Sheeran,UClmXPfaYhXOYsNn_QUyheWQ,1,1,1
SonyMusicIndiaVEVO,UC3MLnJtqc_phABBriLRhtgQ,1,1,1
Blossom,UC2WuPTt0k8yDJpfenggOAVQ,1,1,1
POPS Kids,UC5ezaYrzZpyItPSRG27MLpg,1,1,1
Shemaroo,UCBOmfqgTZi7yDp4-3Lr_3lA,1,1,1
Gaane Sune Ansune,UCtW7qWjpCZ8zps-Cf2NF26w,1,1,1
Vijay Television,UCvrhwpnp2DHYQ1CbXby9ypQ,1,1,1
DokuzSekiz Müzik,UCbCFxJq-fCwiEo9CgowI7CQ,1,1,1
FGTeeV,UCC-RHF_77zQdKcA75hr5oTQ,1,1,1
Erlania e Valentina,UC0ebPa2q1rwZVN7dYemunUQ,1,1,1
Маша и Медведь,UCRv76wLBC73jiP7LX4C3l8Q,1,1,1
Doggy Doggy Play Doh Cartoons,UC_W0_Nv-3rxpWVvosddhrPw,1,1,1
Asianet,UCp_r6Z-Oh0YTf-ym71z5Nqg,1,1,1
Eros Now,UCX52tYZiEh_mHoFja3Veciw,1,1,1
ChuChu TV Nursery Rhymes & Kids…,UCBnZ16ahKA2DZ_T5W0FPUXg,1,1,1
Oyuncak Avı,UCjS0hMS5sneIgsb3PjBc0Bw,1,1,1
Cauê Moura,UCm2CE2YfpmobBmF8ARLPzAw,1,1,1
Get Movies,UClZkHt2kNIgyrTTPnSQV3SA,1,1,1
SMTOWN,UCEf_Bc-KVd7onSeifS3py9g,1,1,1
Felipe Neto,UCV306eHqgo0LvBf3Mh36AHg,1,1,1
Galinha Pintadinha,UCBAb_DK4GYZqZR9MFA7y2Xg,1,1,0
YRF,UCbTLwN10NoCU4WDzLf1JMOA,1,1,1
Dehati India NonVeg Masti,UC9prtcQZkLW4YiqkGDB6NkQ,1,1,0
キッズライン♡Kids Line,UCQs-tWGqacJ7vuuJDtXq28w,1,1,1
LooLoo Kids - Nursery Rhymes and…,UC4NALVCmcmL5ntpV0thoH6w,1,1,1
Zaz Official,UCmQZ7aYY8YH6HHhY2Jx2a9Q,1,1,1
LazarBeam,UCw1SQ6QRRtfAhrN_cjkrOgA,1,1,1
Aditya Music,UCNApqoVYJbYSrni4YsbXzyQ,1,1,1
hairong zheng,UCN3TByJL442xVqMvi3YwYUQ,1,1,0
BRIGHT SIDE,UC4rlAVgAK0SGk-yTfe48Qpw,1,1,1
Tekashi 6ix9ine,UCF6jRAgCbSanHolKt0Vt6Qw,1,1,0
Luccas Neto,UC_gV70G_Y51LTa3qhu8KiEA,1,1,1
NollywoodStreams,UCeDzVIfXdWZe7mCFduIRaFA,1,1,0
MGR PRODUCTION,UC2wil2nkrsKkI-0F7jmTLeQ,1,1,1
BeckyGVEVO,UCJrREGJ2R1mMuKJkZ8SMCcA,1,1,1
GMM GRAMMY OFFICIAL,UCG9gfnA5UDoLvz-tC9B-HKw,1,1,1
LetsGoMartin - Nursery Rhymes,UCmS8VxPXxv4ToYpw0Yc2PQA,1,1,1
HTV2 Channel,UCkna2OcuN1E6u5I8GVtdkOw,1,1,1
Drake - Topic,UCU6cE7pdJPc6DU2jSrKEsdQ,1,1,1
And TV,UCxJcrDUc8awRSLzLbnIiAmQ,1,1,1
mmoshaya,UCPOw2O3_uZ1doro9iR4x6vw,1,1,1
Rajshri,UCEKWXRsfUHkan-D_ljU8Asw,1,1,1
Venus,UCIyMwXronD5pT5cx-G_KSHA,1,1,1
Bollywood Classics,UCRm96I5kmb_iGFofE5N691w,1,1,1
Давай поиграем в…,UCC-7t96Wrq1d5lwygxOvufQ,1,1,1
ImagineDragonsVEVO,UCpx_k19S2vUutWUUM9qmXEg,1,1,1
Wave Music - Bhojpuri,UC22nIfOTM7KLIQuFGMKzQbg,1,1,1
CookieSwirlC,UCelMeixAOTs2OQAAi9wU8-g,1,1,1
Bee Kids Games - Children TV,UCKE6prY-lztVSD4YZt2Co4w,1,1,1
قناة طيور الجنة |…,UCozAuGJZ5MPoijz8IE_1Gtw,1,1,1
Vidol TV,UCTQ-gSOpuLtgQarXw3XVmyQ,1,1,1
SIS vs BRO,UChLN0bJgq6d15OK2HVB4YTg,1,1,1
BLACKPINK,UCOmHUn--16B90oW2L6FRR3A,1,1,1
BillionSurpriseToys - Nursery…,UCRx3mKNUdl8QE06nEug7p6Q,1,1,1
shakiraVEVO,UCGnjeahCJW1AF34HBmQTJ-Q,1,1,1
Super Simple Songs - Kids Songs,UCLsooMJoIpl_7ux2jvdPB-Q,1,1,1
Fischer's-フィッシャーズ-,UCibEhpu5HP45-w7Bq1ZIulw,1,1,1
Animal Family,UCyn4UphNjXY8ULKja5F9DBQ,1,1,0
Alan Walker,UCJrOtniJ0-NWz37R30urifQ,1,1,1
TheEllenShow,UCp0hYYBW6IMayGgR-WeoCvQ,1,1,1
Family Fun Pack,UCvthuVsurPaVz2a7_4LepGg,1,1,1
SebastianYatraVEVO,UC3Df9-SvQY9BbfCmyvR0J5A,1,1,1
For Kids Learn,UC7EFWpvc1wYuUwrtZ_BLi9A,1,1,1
Fozi Mozi,UCb9PvQ2Gv9FDIlwZubVgTaQ,1,1,1
AnuelVEVO,UC05eluGxsI8_xf5uRC-J26Q,1,1,0
Goldmines,UCyoXW-Dse7fURq30EWl_CUA,1,1,1
Oops Zeros,UCO4YLd17gALapIYxyY-PU2w,1,1,1
Miss Katy,UCcartHVtvAUzfajflyeT_Gg,1,1,1
Las Ratitas,UCUY6t_N9MyEWu6I0ZXkbtKA,1,1,1
Marília Mendonça,UCwfEOn0O1DWcyTgzVVu28ig,1,1,1
LEGO,UCP-Ng5SXUEt0VE-TXqRdL6g,1,1,1
Sonotek Haryanvi,UC_GqWT9zKoeu0Jkv4KFpn9g,1,1,1
DuDuPopTOY,UCByBXiL8TC7atFvIuNC95Hg,1,1,1
ChiChi TV Siêu Nhân,UCZScL_r0A7Ahqn0xJULdOfw,1,1,1
MusicTalentNow,UCDnEa2HC2eeT-cN3pAKnNTw,1,1,1
YoungBoy Never Broke Again,UClW4jraMKz6Qj69lJf-tODA,1,1,1
Rotana,UCNhqvQMXIgRfjAGmxQqdNRw,1,1,1
Volga Video,UCIeNlITYK46VkR7yIuTL8GQ,1,1,1
Trap Nation,UCa10nxShhzNrCE1o2ZOPztg,1,1,1
FunFun ToyShow,UCqvS0UZpSh8ydVQ7TxGNOJw,1,1,1
EminemVEVO,UC20vb-R_px4CguHzzBPhoyQ,1,1,1
Sonotek,UC3zVeAaoPEN1Tu25dW3G2Ig,1,1,1
KanalD,UCFoe1tg8MuHjRzmqXtV816A,1,1,1
Family GamesTV,UCUhkLR2YOMtWF44kSb-TxyA,1,1,0
ZeeQ India,UCWKeZvw4iSZVM2qXKZde58A,1,1,1
Nick Jr.,UCUe6ZpY6TJ0no8jI4l2iLxw,1,1,1
eltrece,UC0DM_mHV2u6dj8ig51GkQwg,1,1,1
KH Show,UCOX7lBP6zOpDRO7YAZ-xTrw,1,1,0
Worldwide Records Bhojpuri,UCbomPUMyPHCgrqD5iYnzj1A,1,1,1
Marshmello,UCEdvpU2pFRCVqU6yIPyTpMQ,1,1,1
Geet MP3,UClZF7OsrECe3t_ADrjZEh_Q,1,1,1
KiKiDo,UCWGK2_WVaXWv-QrkgT9-KDw,1,1,1
CanalKids HD,UCMFZzyhDNnkQUujdM59ZW8g,1,1,0
Toys And Little Gaby,UCHwBjRoGO1V-H8QYXjSVHkQ,1,1,1
Lady Diana,UCCB4-saKfwGbUFO2-rRdUqQ,1,1,1
Mazhavil Manorama,UCUPD0jQo-EP0B1Nf4uzeIMA,1,1,1
etvteluguindia,UCSs9H1cyB3OHdy8wkit8ZKg,1,1,1
Rainbow ToyTocToc,UCuWbqDI1CbUKp8myXh71jrw,1,1,0
Ultra Music,UC4rasfm9J-X4jNl9SvXp8xA,1,1,1
Boo Kids,UCObRVBnzSyUMY7iST8RDJzw,1,1,1
Boram Tube Vlog [보람튜브…,UCU2zNeYhf9pi_wSqFbYE96w,1,1,1
ThaiCh8 : ช่อง 8,UCtBu8Wb2BUoduUXJS9Uss7Q,1,1,1
Baby Big Mouth,UCWr4vlkj5xXQ4bSXNeTT2AA,1,1,0
Daddy Yankee,UC9TO_oo4c_LrOiKNaY6aysA,1,1,1
Televisa Telenovelas,UCKyU-wd-KY4PMOcOpPQgQcw,1,1,1
Dude Perfect,UCRijo3ddMTht_IHyNSNXpNQ,1,1,1
LES BOYS TV2,UCErphF_9VoXQB29BVDK9_Jw,1,1,1
LuisFonsiVEVO,UCLp8RBhQHu9wSsq62j_Md6A,1,1,1
BabyBus - Kids TV - Songs & Stories,UCpYye8D5fFMUPf9nSfgd4bA,1,1,1
YRF Music,UCjeD2I8jwXg2l_nvXb_6Hzw,1,1,1
1000virtudes,UCXoF-12V2xNuX6tdf7dptFQ,1,1,0
BIBO TOYS,UCWda0RFPFeV2TO54PNxTMmA,1,1,1
Team Films Bhojpuri,UCB4SvelHl4qjFSNYfxhp-SQ,1,1,1
ChainsmokersVEVO,UCRzzwLpLiUNIs6YOPe33eMg,1,1,1
Strawberry Jam Toys,UCL7UTQpJbDWxzXNBRUyg6lA,1,1,1
Mnet Official,UCepUWUpH45hRTi-QePdq1Bg,1,1,1
ETV Jabardasth,UCnoqvTW4YZExfDeq7_Wmd-w,1,1,1
Ryan's Family Review,UCsaOzYsyshyrYL4SHCTI8xw,1,1,1
ArianaGrandeVevo,UC0VOyT2OCBKdQhF3BAbZ-1g,1,1,1
Cardi B,UCxMAbVFmxKUVGAll0WVGpFw,1,1,1
OLIE THE CUB,UCQcf-d098cNGGl3bPGGjHBg,1,1,0
BERITA TERBARU HD,UCDUb1ct9PxXUk75EacWo0Jw,1,1,1
Happy Funny Kids Toys Pretend Play,UCquMFVZvpf8eczgNSnCgYlw,1,1,1
jbalvinVEVO,UCrHL_BF5lHyK43BxLU8-vBQ,1,1,1
Senya ToysReview,UCtVmCA5qjxCiktUd3dZu5hg,1,1,1
Sen Anlat Karadeniz,UCZSKbSg4xlgvKYk7ET7awpA,1,1,1
Learn Colors Keiki,UCARpWHRonzqQuk1u3lFcc9A,1,1,0
WatchMojo.com,UCaWd5_7JhbQBe4dknZhsHJg,1,1,1
Troom Troom,UCWwqHwqLSrdWMgp5DZG5Dzg,1,1,1
JesseAndMike,UCV1JuyDF9Re3HyXFGeqnC7Q,1,1,1
TotoyKids,UCiqE9bJFJhPEOVGdpj2LdEg,1,1,1
Learn and Play,UCkAUThuNDCUG1RMRiCZTm5g,1,1,0
Aaj Tak,UCt4t-jeY85JegMlZ-E5UWtA,1,1,1
Ninja,UCAW-NpUFkMyCNrvRSSGIvDQ,1,1,1
CartoonKiDS BR,UC4uDjLTfKvcYlWSFvC4H54Q,1,1,0
Emily Tube,UC-0D1RlSzcvBoODCKSoLl2g,1,1,1
عائلة فيحان,UC_Bd5Yrn9kL8fisLfPmH5ww,1,1,1
Cartoon Network,UCMsgXPD3wzzt8RxHJmXH7hQ,1,1,1
KatyPerryVEVO,UC-8Q-hLdECwQmaWNwXitYDw,1,1,1
BCC Trolling,UCBw-Dz6wHRkxiXKCLoWqDzA,1,1,1
DanTDM,UCS5Oz6CHmeoF7vSad0qqXfw,1,1,1
Beat chất lượng cao,UC5Q1q0vsjZtvDS35EdhWkvg,1,1,1
David Dobrik,UCmh5gdwCx6lN7gEC20leNVA,1,1,1
東海オンエア,UCutJqz56653xV2wwSvut_hQ,1,1,1
AmusementForce,UCycM0Fd584iW3IpgCAjaSEw,1,1,1
Funny Sofia Show,UCsMRgE1IQFkgGvyfBDh3BAw,1,1,1
KBS World TV,UC5BMQOsAB8hKUyHu9KI6yig,1,1,1
Mikecrack,UCqJ5zFEED1hWs0KNQCQuYdQ,1,1,1
Peppa Pig - Official Channel,UCAOtE1V7Ots4DjM8JLlrYgg,1,1,1
Genevieve's Playhouse - Toy…,UCK5Q72Uyo73uRPk8PmM2A3w,1,1,1
ItsFunneh,UCUk7VggtJdo9XYTy3Z5QVAw,1,1,1
Purana Hindustan,UCqLCpY_mJBBmGKGJgdqnQfA,1,1,0
DisneyChannelLA,UCq3zaHCaZtb3TtNwwz0PK2w,1,1,1
Lucas and Marcus,UCwD4x63A9KC7Si2RuSfg-SA,1,1,1
Haryanvi Maina,UCMxtWuqP6Ktk1tsSZSstaug,1,1,1
BuzzFeedVideo,UCpko_-a4wgz2u_DgDgd9fqA,1,1,1
toycantando,UC2xjgvWb9cx5F637XjsUNxw,1,1,1
David Guetta,UC1l7wYrva1qCH-wgqcHaaRg,1,1,1
Happy Lives,UCWlK0s4T4gyLavYiQTpSzKQ,1,1,0
Synergy تامر مرسي,UCmgbOjLSiYzGJ7GNSnNJLXA,1,1,1
Cole Bennett - Lyrical Lemonade,UCtylTUUVIGY_i5afsQYeBZA,1,1,1
GMA Public Affairs,UCj5RwDivLksanrNvkW0FB4w,1,1,1
Salih Reis'in Dünyası,UC_gFB8z2Z7ETiBnH_pCbrDA,1,1,0
IndiaTV,UCttspZesZIDEwwpVIgoZtWQ,1,1,1
Beam Copphone,UCPZHbywHs_aNFjzyOJ97uxg,1,1,1
Venus Movies,UCpcsv3Ow-8IhoUGDEfPetsQ,1,1,1
Kids smile TV,UCHia02_AKmqXtxsDxrYOxow,1,1,1
Saturday Night Live,UCqFzWxSCi39LnW1JKFR3efg,1,1,1
PopularMMOs,UCpGdL9Sn3Q5YWUH2DVUW1Ug,1,1,1
Maria Clara & JP,UCKe6w0exI94U-RzqAyoY1VA,1,1,1
Lizos Music,UCQ50aIYbavhpfVc9PKU9qrg,1,1,1
SiaVEVO,UCmKdSrwf1e8coqAzUsrVHZw,1,1,1
MTZ Manuel Turizo,UC5Jn-9jqrVvKm9Hx0WW8Pgw,1,1,1
GENIAL,UCbrd1vu4_7qIE6IPV_dA-OA,1,1,1
NaoFun Toys,UCS3VJQpFmLbBd5qsWci9KPA,1,1,0
LosAngelesAzulesVEVO,UCPeGv4l3-gJvuJ4IJ47QC7Q,1,1,1
Green Gold,UCiBigY9XM-HaOxUc269ympg,1,1,1
Flipkart,UCWZc94oeti-YQsI9995G3aA,1,1,1
はじめしゃちょー（hajime）…,UCgMPP6RRjktV7krOfyUewqw,1,1,1
NickyJamTV,UCpb_iJuhFe8V6rQdbNqfAlQ,1,1,1
Hear This Music,UCz2SUbUr2k0T3nEmutgsPjg,1,1,0
Flow La Movie,UCsvSj8bT4xqQecl_5nh_cwQ,1,1,0
SyrebralVibes,UCi0LydWaEUy3Vx8flL29ebQ,1,1,1
RsiamMusic :…,UCLcCpNY-zaL3vEERD5rh5Ew,1,1,1
Mister Max,UC_8PAD0Qmi6_gpe77S1Atgg,1,1,1
Mister Bean Number One Fan in HD -…,UC977n5nXRn8MDuGQjwxkOLw,1,1,1
Aditya Movies - Telugu & Hindi,UCX_uPA_dGf7wXjuMEaSKLJA,1,1,1
CNN,UCupvZG-5ko_eiXAupbDfxWw,1,1,1
RomeoSantosVEVO,UCNnwYefwrkVBAbMUzLpxbEQ,1,1,1
ครู นกเล็ก,UCyRXnSFPjQ7JcQJvebSPYcg,1,1,1
MidnightXChannel,UCohVmErh2EwprS-604N9S2g,1,1,1
VanossGaming,UCKqH_9mk1waLgBiL2vT5b9g,1,1,1
Spinnin' Records,UCpDJl2EmP7Oh90Vylx0dZtA,1,1,1
Guava Juice,UCMNmwqCtCSpftrbvR3KkHDA,1,1,1
Little Baby Bum - Nursery Rhymes &…,UCKAqou7V9FAWXpZd9xtOg3Q,1,1,1
Armoo,UCkMtT5lSfkXvp9ZmPuRBJjA,1,1,0
Toys Unlimited,UCzIdYMdAtTsWucGCZyZvN6w,1,1,1
5-Minute Crafts KIDS,UC57XAjJ04TY8gNxOWf-Sy0Q,1,1,1
IndiaiStore,UCSUfTb8JAeoaRnu1zxGQomA,1,1,1
ToysPlay,UCdKicyl_ve5oyjasiO6njgQ,1,1,1
Fueled By Ramen,UClVrJwcIy7saPcGc1nct80A,1,1,1
Star Casablanca | نجوم…,UCuvAFpR5uxoXF8G4OgKY0lQ,1,1,1
Lachlan,UCh7EqOZt7EvO2osuKbIlpGg,1,1,1
El Reino a Jugar,UCsm77kEHBDEPgD4Ir3jSRYg,1,1,1
DopeLyrics,UCvR2R7j218tzejtTsb_X6Rw,1,1,1
CalvinHarrisVEVO,UCaHNFIob5Ixv74f5on3lvIw,1,1,1
Wow Kidz,UCN8S4CqMRy6tVKVXvs7Bzeg,1,1,1
SriBalajiMovies,UCoy3dQzEdq1y2zMnT4pdj3Q,1,1,1
Blippi Español,UC4YImPQT-_0kCh5joATwyhw,1,1,1
Just Kidding Pranks,UCaAZ2O-1wvipTqdbFv2cJJQ,1,1,0
Sen Momo Ai & Shii's Channel ,UCCKJzBnveLS7oLpS8Q4m2eg,1,1,1
Mnet K-POP,UCbD8EppRX3ZwJSou-TVo90A,1,1,1
Bounce Patrol Kids,UC56cowXhoqRWHeqfSJkIQaA,1,1,1
Blippi Toys,UC-Gm4EN7nNNR3k67J8ywF4g,1,1,1
Sham Drama شام دراما,UC24ILr30tJeVf9H5dCMHV4g,1,1,1
The ACE Family,UCWwWOFsW68TqXE-HZLC3WIA,1,1,1
Kırgın Çiçekler,UCVpGEF7K-8wNfS3L8Cewo6Q,1,1,1
ThaliaVEVO,UCwhR7Yzx_liQ-mR4nMUHhkg,1,1,1
Raffy Tulfo in Action,UCxhygwqQ1ZMoBGQM2yEcNug,1,1,1
Phim HOT TK-L,UCtsrmo89ctjbtENanK40yTQ,1,1,1
KSI,UCVtFOytbRpEvzLjvqGG5gxQ,1,1,1
Logan Paul Vlogs,UCG8rbF3g2AMX70yOd8vqIZg,1,1,1
Come Play With Me,UCQ00zWTLrgRQJUb8MHQg21A,1,1,1
SonyMusicSouthVEVO,UCTNtRdBAiZtHP9w7JinzfUg,1,1,1
michaeljacksonVEVO,UCulYu1HEIa7f70L2lYZWHOw,1,1,1
MBCentertainment,UCiBr0bK06imaMbLc8sAEz0A,1,1,1
MrBeast,UCX6OQ3DkcsbYNE6H8uQQuVA,1,1,1
TaylorSwiftVEVO,UCANLZYMidaCbLQFWXBC95Jg,1,1,1
JuegaGerman,UCYiGq8XF7YQD00x7wAd62Zg,1,1,1
DrakeVEVO,UCQznUf1SjfDqx65hX3zRDiA,1,1,1
حِرف إبداعية في 5…,UCy7QvWo7uV_AcoLJL5RIwkQ,1,1,1
Jake Paul,UCcgVECVN4OKV6DH1jLkqmcA,1,1,1
jypentertainment,UCaO6TYtlC8U5ttz62hTrZgg,1,1,1
Just For Laughs Gags,UCpsSadsgX_Qk9i6i_bJoUwQ,1,1,1
Anand Audio,UCLtCejNl8eAg4PO_9lf2TIg,1,1,1
MalumaVEVO,UCFkoPRmuxqr37jvGmmpzhzQ,1,1,1
icanrockyourworld,UCLoKWb_rlp80mg0aSLtsUGw,1,1,0
Tom Slime,UCOs8VELPB5GC_eKibH9e-CQ,1,1,1
T-Play,UCdKSGuc89r7OfkdwcFAsVIw,1,1,1
Caso Cerrado,UCGbofRROopWrumVob5w61OA,1,1,1
Coldplay,UCDPM_n1atn2ijUwHd0NNRQw,1,1,1
realnollywoodclips,UC2rd5cWeATWXJv-dPKGoVqA,1,1,0
Rahatlatıcı Videolar,UCR0YssFs8nYdbbsyObtl_6w,1,1,1
Ghiền Phim Hàn,UCzCWSfs-gfx8nT2yRulQ1QA,1,1,1
GMA News,UCqYw-CTd1dU2yGI71sEyqNw,1,1,1
Candy Play TV Russian,UCI4Rtxoht2s2ILzWYMFaRtQ,1,1,1
SSSniperWolf,UCpB959t8iPrxQWj7G6n0ctQ,1,1,1
Stephen Sharer,UCDfk8ogO6QGeJAYCY0QDzKw,1,1,1
Brancoala,UC0otZdGYsA9KqVKAcn2peQA,1,1,1
Rainbow Learning,UCez6_KPGd1bmixWTDBgHm3Q,1,1,1
Markiplier,UC7_YxT-KID8kRbqZo7MyscQ,1,1,1
Smile 4ever,UCELBN4ucTK3x8WEGtMJMxHQ,1,1,1
ninja,UCAW-NpUFkMyCNrvRSSGIvDQ,1,1,1
Cut,UCbaGn5VkOVlcRgIWAHcrJKA,1,1,1
MikelTube,UCBxS7NaGh7__pEbv898gKvw,1,1,1
Çizgi Film Oyuncakları,UCsysCcLV149UIrp2ai_Cz_A,1,1,0
Soulstice Music Group,UCqM4re9VgafMfd_oJmQPmmA,1,1,0
الحب لا يفهم الكلام,UChfdidbjuzN-kctBB-DXdYQ,1,1,1
Codiscos,UCMt4GuchIJh48XJFB3iyXQQ,1,1,1
VEGETTA777,UCam8T03EOFBsNdR0thrFHdQ,1,1,1
Amazing Kids Toys Review,UCWXrx8EldKEgeP1KpbmUjBQ,1,1,1
NoCopyrightSounds,UC_aEa8K-EOJ3D6gOs7HcyNg,1,1,1
Collins Key,UC7TTtOQKMXTWWMtWQMIgVSA,1,1,1
Jhankar Station 07,UCp8Onx-IzX1M5GYyly6ZZmw,1,1,1
tlc uk,UC2vlpX8sNDBmPcY_1_QSGJg,1,1,1
Enes Batur,UCG0HA4uyuuzPzeq_US_ywVg,1,1,1
Goldmines Hindi,UCOF23vGxkbhN4wl7ROrgXsA,1,1,1
Think Music India,UCLbdVvreihwZRL6kwuEUYsA,1,1,1
Rawan and Rayan,UCPvLEc3la6Q2MdlCXzKRRPg,1,1,1
EnriqueIglesiasVEVO,UCVttQE6tS_agDSAU61Q65aA,1,1,1
jacksepticeye,UCYzPXprvl5Y-Sf0g4vX-m6g,1,1,1
thairath,UCrFDdD-EE05N7gjwZho2wqw,1,1,1
Purani Kahani,UCJt_pgBSSecJsvBsGSRkDcQ,1,1,0
Você Sabia?,UCj0O6W8yDuLg3iraAXKgCrQ,1,1,1
Barcroft TV,UCfwx98Wty7LhdlkxL5PZyLA,1,1,1
DisneyMusicVEVO,UCgwv23FVv3lqh567yagXfNg,1,1,1
Martin Garrix,UC5H_KXkPbEsGs0tFt8R35mA,1,1,1
Ali-A,UCYVinkwSX7szARULgYpvhLw,1,1,1
Nickelodeon,UC5M_h2S8Ldoc9M6f7B-_m6A,1,1,1
MBC مصر,UCnFKsbAof9fRv614I4wJX_w,1,1,1
rezendeevil,UCbTVTephX30ZhQF5zwFppBg,1,1,1
TimKo Kid,UChSQPcSwLVGQdeorewLZCoQ,1,1,1
Wiz Khalifa,UCVp3nfGRxmMadNDuVbJSk8A,1,1,1
shfa,UCwHE1kM1CPJd_pI9FQ0-4dg,1,1,1
ABS-CBN News,UCE2606prvXQc_noEqKxVJXA,1,1,1
RizaNovaUZ,UCDPnSqLmYqHadD6VkrRiarg,1,1,1
Super Polina,UCE76CBkDX591pxzps6bySOw,1,1,1
infobells - Telugu,UCHvoq_rGmOKJKGId1nD1V4Q,1,1,1
Bruno Mars,UCZn4r7heNOPY-C43YIywnVA,1,1,1
Atlantic Records,UCe4LM_eKc9ywRmVuBm5pjQg,1,1,1
Kinder Spielzeug Kanal,UCVEDZVtA5NUtjxSXHjtvkag,1,1,1
خليجية,UCsVQJ4sjopcYEQHxWnS2Spg,1,1,1
KN Channel,UCXF15hEQI7y1hpoZK4cZDEQ,1,1,1
BANGTANTV,UCLkAepWjdylmXSltofFvsYQ,1,1,1
Chotoonz TV,UC7e1XWjOlYy8XlNMeVxeKNg,1,1,1
Letupita725HD★,UC1AEadAUKi6Zt-G3PatrU-Q,1,1,1
Pina Records,UCmKSr4RkQLqPPxSh2Y2xEdQ,1,1,1
El Blog del Narco,UCk1pS7b7xptSRPxklcp8JPA,1,1,1
Ultra Regional,UCO7oJs9vrfYIN_rDYjlN7Ig,1,1,1
Muselk,UCd534c_ehOvrLVL2v7Nl61w,1,1,1
avex,UC1oPBUWifc0QOOY8DEKhLuQ,1,1,1
The Late Late Show with James…,UCJ0uqCI0Vqr2Rrt1HseGirg,1,1,1
White Hill Music,UCopY0NAzASqmD6eVaRj2TFQ,1,1,1
Turma da Mônica,UCV4XcEqBswMCryorV_gNENw,1,1,1
Bad Bunny,UCmBA_wu8xGg1OfOkfW13Q0Q,1,1,1
Like Nastya,UCJplp5SjeGSdVdwsfb9Q7lQ,1,1,1
apple kids,UCtlQ0v4p4QocMOZyRFgvixA,1,1,0
DLS News,UCw0ry7cLRUnq3Oaszlhgqfg,1,1,1
Thơ Nguyễn,UCSJsjCiTl2lourZXnigVCoA,1,1,1
Hasbro,UC-r13SLLdZtZNmuC2bMnlmw,1,1,1
prenses elif,UCLM1OpCXx90zzBLd9j6ihgQ,1,1,1
ARY Digital,UC4JCksJF76g_MdzPVBJoC3Q,1,1,1
Dessin Animé pour Enfants,UCh2wpzsNh9PX5a5hG5Vkuhw,1,1,1
Telemundo,UCajrNVKvG2xVlVcSr3GcsDA,1,1,1
Izabeloi,UC1PJ4a8bysBOKcHMAmehiyw,1,1,1
IGN,UCKy1dAqELo0zrOtPkf0eTMw,1,1,1
Shoof Drama | شوف دراما,UCgd_tWU4X7s10DKdgt-XDNQ,1,1,1
Flowers Comedy,UCmAPdImtXLGh5E-lTTH4Qmg,1,1,1
Got Talent Global,UCe_Fx4EZAgKjDz0aQ_Y7hSA,1,1,1
Alpha TV Greece,UCYKe1v03QBPyApJID8CPjPA,1,1,1
FunToysMedia,UCjmAh2qxmvWdH3xNPbg0IUQ,1,1,1
HaAshVEVO,UCn8-zZ07JDofg2jmOo_X9Qg,1,1,1
Goo Goo Colors,UCx0eQsDrjn-EXMWeusTh2cQ,1,1,1
Stone Music Entertainment,UC_pwIXKXNm5KGhdEVzmY60A,1,1,1
HIMAWARIちゃんねる,UCJ98lzh2QJGp37QgWPUcwrQ,1,1,1
ABC Kids TV,UCbCmjCuTUZos6Inko4u57UQ,1,1,1
Jingle Toons,UCK9F8nycURBsR0YlrBsu1Ag,1,1,1
Cartoon Network UK,UCGydrkfIhUDNCotYQI8TJhA,1,1,1
TheGrefg,UCCEmjNPpJYhGDgaEqeeA4HA,1,1,1
大劇獨播MZTV,UCNORTw_uosRNGgdEjwdHvuw,1,1,1
MEGA Oficial,UCEpId-jtRABuZyX6D2z6FZQ,1,1,1
AuthenticGames,UCIPA6iWNaoetaa1T46RkzXw,1,1,1
KHANDESHI MOVIES,UCP84QWij0alw4MvzqzyfOnw,1,1,1
Princess Hime Suite…,UCHkm57ZjExicHc630M2xJ-Q,1,1,1
Blippi,UC5PYHgAzJ1wLEidB58SK6Xw,1,1,1
Поззи,UCuZeiI5pdpgqDojXZujoYgg,1,1,1
Chad Wild Clay,UCwaNuezahYT3BOjfXsne2mg,1,1,1
Dr. Phil,UCYLR1ghzYNyvfjw78raCuxA,1,1,1
RCM Music Bhojpuri,UCLnDTo0igOTjP6l3dT_tkDg,1,1,1
OYUNCAKOYNUYORUM,UCGZrRXxlJGFCH1SMwpMbfAw,1,1,1
Art TV,UCqKNfKDLXQPiQoz8-3IHHLg,1,1,0
POPS MUSIC,UCUgXK2UjZ8G_EM438aYkGrw,1,1,1
ĐÔNG TÂY PROMOTION OFFICIAL,UCFMEYTv6N64hIL9FlQ_hxBw,1,1,1
Totoykids Español,UCiqE9bJFJhPEOVGdpj2LdEg,1,1,1
Los Juguetes Son Divertidos,UC-63s9JLCZqIDlhXK6VHb7w,1,1,1
RCTI - LAYAR DRAMA INDONESIA,UCzTsWuCdVP_vehWyGwPcS3Q,1,1,1
Kluna Tik Compilations Channel,UCC8Di_yHmWS2CwkhejC62LQ,1,1,1
CreativeKids,UC8nEg6dPxjzImSask77-rNA,1,1,1
As Aventuras de Poliana,UCvgfiEUr4w7DaCyEoxkdkOw,1,1,1
La Academia 2018,UCFIxWti5muQMnhyBw6AUuMA,1,1,1
JustinBieberVEVO,UCHkj014U2CQ2Nv0UZeYpE_A,1,1,1
MK MUSIC,UCbVwJCxsVbmaP1PFmbGQDeQ,1,1,1
LIV Kids Hindi,UCV_HCodkhIx43LGAyPENbzA,1,1,1
MigosVEVO,UCGIelM2Dj3zza3xyV3pL3WQ,1,1,1
HUM TV,UCEeEQxm6qc_qaTE7qTV5aLQ,1,1,1
AMARIN TVHD,UCzMoibQRslh_1bTuW0YXc6A,1,1,1
เรื่องเล่าเช้านี้…,UC5wKpLWxAZBZrunls3mzwEw,1,1,1
TravisScottVEVO,UClRx3MMyYUyqOxyEqA5F2nQ,1,1,1
FAMILY BOX,UC-jHNWViReG6R_kJ6b45FdQ,1,1,1
Bebe Rexha,UChwSjx8SnvG6k96a9xqYw1g,1,1,1
水溜りボンド,UCpOjLndjOqMoffA-fr8cbKA,1,1,1
Zee Tamil,UC_wIGmvdyAQLtl-U2nHV9rg,1,1,1
Clean Bandit,UCvhQPdeTHzIRneScV8MIocg,1,1,1
Sesame Street,UCoookXUzPciGrEZEXmh4Jjg,1,1,1
HikakinTV,UCZf__ehlCEBPop-_sldpBUQ,1,1,1
TygaVEVO,UChXnu0HBydqedqhnClp0rJg,1,1,1
Toys Make Me Smile,UCv5I8kinKQT_cBxhsscnlWQ,1,1,1
Smooth POV,UCFBKoqcCRHlObULON88fMuA,1,1,0
Ms. Hoi An,UC2ts85uXtRawndRqggrRqwg,1,1,1
Camarroket,UCFXvKZEw5k6fLBqZQ4oowRA,1,1,0
Hüseyin Kuzu,UChhUDuO3rYthfm_Ge11VSnA,1,1,0
Bi Bi TV,UCm3i_4mXCwalqF7E2wuevMw,1,1,0
Ch7HD,UCXUVnTEsLZBim_WlWxBvEwA,1,1,1
Funny Family Games TV,UC18k1PkmSegPj7DgDpHCk-Q,1,1,1
E! Red Carpet & Live Events,UCD-1jAmL42qnEszozefaa1g,1,1,1
Luisito Comunica,UCECJDeK0MNapZbpaOzxrUPA,1,1,1
Tiana,UC7_yh9PEDpaqp34QtGO-_Yw,1,1,1
Team Coco,UCi7GJNg51C3jgmYTUwqoUXA,1,1,1
Survival Life,UCTm5dduwoz_OelBeyvZAdeA,1,1,1
Zee Kannada,UC4xZrjsfEiomEbE9OUjN4-g,1,1,1
Henrique e Juliano,UCfLTxnQboSLcoSakgONmukQ,1,1,1
SurpriseJoe,UCrRLaQ1hup5VmVINQkgKE7Q,1,1,1
Câmeras Escondidas Programa Silvio…,UC3d7Ix6GrtxESULE5Auj_Zg,1,1,1
Talent Recap,UCSWwb_YyNB8vuC1VDcfPPaQ,1,1,1
TheWeekndVEVO,UCF_fDSgPpBQuh1MsUTgIARQ,1,1,1
Pop Chartbusters,UCzL6rJhkoXkIt0fCv9T9_uA,1,1,1
reikVEVO,UCahVGI5idD85mQlBD2InzzA,1,1,1
Mimonona Stories,UCXc5x7W5pwn-xz2g2nGTDQQ,1,1,1
AzzyLand,UCzeB_0FNcPIyUSjL_TL5lEw,1,1,1
Genierock,UCs2t9DlvAuyTBkvk2djGZKw,1,1,1
DenLion TV,UCReKOr21TXvaWKQuIJ3Uh5g,1,1,1
Jaeguchi,UCmth4hMyizG-_W9jidBqs_A,1,1,1
FBE,UC0v-tlzsn0QZwJnkiaUSJVQ,1,1,1
FAP TV,UC0jDoh3tVXCaqJ6oTve8ebA,1,1,1
V6 News Telugu,UCDCMjD1XIAsCZsYHNMGVcog,1,1,1
MoBro94 Production,UC6OLQi0Gi3S6QVxWnBMCB6Q,1,1,1
HTV Entertainment,UCbq8aOyj9ZtIqcD-0MwG1fQ,1,1,1
Dima Kids TV,UCb1WBEEfA4e6FOLOKAH5j8w,1,1,1
★ Миёк ★,UC2GMKVR0axLRAAEiadb1swg,1,1,0
Kiddiestv Hindi,UCvEAgG7WzPZnZkf9iOV_YCg,1,1,1
DreamWorksTV,UCY26xU0-avwTJ6F6TzUZVEw,1,1,1
#Refugio Mental,UCgQRN9EO5ksPZjs7EasIftQ,1,1,1
shane,UCV9_KinVpV-snHe3C3n1hvA,1,1,1
Swan The Voice - Néo & Swan,UCzYC9ss2P77Ry2LzIDL5Xsw,1,1,1
Smosh,UCY30JRSgfhYXA6i6xX1erWg,1,1,1
Vn Kids,UC9-bW1-aXpLxJiSvFxtVt7A,1,1,1
Imagine your Korea,UChhOtjq-3QyyLmP2jv9amrg,1,1,1
Jorge e Mateus Oficial,UCL64gn1KZ1C-u87BGQv3b6w,1,1,1
Lifetime,UCpYF_3dMxbTukeCG2GsgPbA,1,1,1
Official Pink Panther,UCFeUyPY6W8qX8w2o6oSiRmw,1,1,1
Миллион Сюрпризов,UCgfjL1enXKflahn2-b_fAFQ,1,1,1
Linkin Park,UCxgN32UVVztKAQd2HkXzBtw,1,1,1
Sony PAL,UCw7xjxzbMwgBSmbeYwqYRMg,1,1,1
Dua Lipa,UC-J-KZfRV8c13fOCkhXdLiQ,1,1,1
Wish Shopping,UCS0V-1JLtAV3iihfzHcdhfg,1,1,1
ABC News,UCBi2mrWuNuyYy4gbM6fU18Q,1,1,1
AAAjoken toys,UCHhXSfCzQYAAFkpdxr7QsaA,1,1,0
StarPlus,UC-LPIU24bQXVljUXivKEeRQ,1,1,1
Alena Kids & Nursery Rhymes Songs,UCpIAHQcBQp5yWGQ7UR3xixg,1,1,0
ShawnMendesVEVO,UC4-TgOSMJHn-LtY4zCzbQhw,1,1,1
YL Toys Collection,UCkvWlsTswUtMVrEzlu-1sVg,1,1,0
Baby Show TV,UCvZwfJYg92JqgZ4NGHHLgyw,1,1,0
A&E,UCNIFiHaLZkYASaWDdkC1njg,1,1,1
SonicToy소닉토이,UC2NvqL2gbWQXbfnLN7C9XFg,1,1,1
TheOdd1sOut,UCo8bcnLyZH8tBIH9V1mLgqQ,1,1,1
The Dodo,UCINb0wqPz-A0dV9nARjJlOQ,1,1,1
TOP 5 ALLTIME,UCW7O3byIHl7knv_6yzju7WQ,1,1,0
Willyrex,UC8rNKrqBxJqL9izOOMxBJtw,1,1,1
Princess Bánh Bao,UC5DFRZ0EiT5FAebrBIHfnqA,1,1,1
HAITHAM XD,UCKsw8iFMAp1enxgGigj0_IQ,1,1,0
KOCOWA TV,UCAqlxq4Bs9PjI86M9lM18TA,1,1,1
BeyoncéVEVO,UC9zX2xZIJ4cnwRsgBpHGvMg,1,1,1
enchufetv,UCoGDh1Xa3kUCpok24JN5DKA,1,1,1
Tu COSMOPOLIS,UCo4ywJQXfUIB0lCBpczW3cA,1,1,1
Chill Nation,UCM9KEEuzacwVlkt9JfJad7g,1,1,1
Mr Bean,UCkAGrHCLFmlK3H2kd6isipg,1,1,1
Eh Bee Family,UCtZAaljDNIsIAIhwYYzvEiw,1,1,1
SagaHits,UCuFwzKrS0wE43CSkyaHBGiQ,1,1,1
ChuChuTV Español,UCBbsyG0o_cWlyY46ZRSdYJg,1,1,1
Makiman131,UCevY-z55kr37ZAXG15F-KiA,1,1,1
5-Minute Crafts GIRLY,UC2etEuPIfohP4P53wM0KImA,1,1,1
Alex Rose,UCTADar3wgHZaPoZYGYgKGaw,1,1,1
GMMTV,UC8BzJM6_VbZTdiNLD4R1jxQ,1,1,1
So Yummy,UCH8NnRkxQg1zX7mHFRPq73g,1,1,1
Susi kids TV,UC4AlCiMOQj2-vsZhmoITqPw,1,1,1
DEL Records,UChYwYTzrhfxPfJPFWRlYwUg,1,1,1
Mor Haryanvi,UC_Rh_RLrouZHPf2vUFvaP_g,1,1,1
Kid Dinosaurs TV - Nursery Rhymes…,UCYJTYO3hhr71dNzb-Zq3RLg,1,1,0
MBCdrama,UC7lb15P-Hux7A5gBuhCxtuQ,1,1,1
ExtremeToys TV,UCKV2MIICJ8Oa7_he1IZJEVw,1,1,1
TV9 Telugu,UCPXTXMecYqnRKNdqdVOGSFg,1,1,1
MNCTV Official,UC34xi8JB1AKSotPUKHywbaA,1,1,1
Shree Jee - Bhakti,UClwHE8uHvmozLoc8jVi07bw,1,1,1
Daily Dose Of Internet,UCdC0An4ZPNr_YiFiYoVbwaw,1,1,1
ESPN,UCiWLfSweyRNmLpgEHekhoAg,1,1,1
WE CAN SPIRIT,UCNLLldX1ixmSRf6pJgNPTnQ,1,1,1
Zic Zic,UC8yX6-5IQGOFJw31V2sw6GQ,1,1,1
Charlie Puth,UCwppdrjsBPAZg5_cUwQjfMQ,1,1,1
disneyjunior,UCNcdbMyA59zE-Vk668bKWOg,1,1,1
LEGENDA FUNK,UCgO5cJ4sL1um054gGYusjiA,1,1,1
Baraw Amanj,UCHzdZWFHS2NSgk06c5i53rw,1,1,1
ميلاد يوسف Milad youssef,UCeX7fSgNhEnZxdtsIc0nFBg,1,1,1
Wild 'N Out,UCrkzfc2yf-7q6pd7EtzgNaQ,1,1,1
atv,UCOHn_8xQGtESfD_u66W6XsA,1,1,1
Selena,UCrlW6bQHVVtdz-uhJuaHISw,1,1,1
EvanTubeHD,UCHa-hWHrTt4hqh-WiHry3Lw,1,1,1
TopMovieClips,UClVbhSLxwws-KSsPKz135bw,1,1,1
Warner Music Italy,UC9PZVgJF-mX4aDDzLE4z5Zg,1,1,1
Kênh Thiếu Nhi - BHMEDIA,UC6eq3sR4CtbvGdmInchzWUA,1,1,1
Shalimar Telugu & Hindi Movies,UC70o5gPX_JhOosmjwoAbKCA,1,1,1
ABP NEWS HINDI,UCmphdqZNmqL72WJ2uyiNw5w,1,1,1
Ninja Kidz TV,UCpZ88DWlKW0H_AYDaUZptcw,1,1,1
Gusttavo Lima Oficial,UCXooz9whNJZBRTHi9AqdjPw,1,1,1
TrendingPranks,UCyZxiUrJ22EWcyySENAW5rw,1,1,0
MSNBC,UCaXkIU1QidjPwiAYu6GcHjg,1,1,1
NAGASWARA Official Video |…,UChvdpkJqIaVo7kbKPtmKXhA,1,1,1
ABP NEWS,UCRWFSbif-RFENbBrSiez1DA,1,1,1
Pixl Networks,UC1iqebKNH36JIdBIjEy8-iQ,1,1,0
Nexa Experience,UCB0CqBMH0bpv5nLXiiJbUJA,1,1,1
NEXT9NEWS हर खबर आप…,UCRNmk0RhyeoHOgcB5xxgqBw,1,1,1
SlenderMan™,UCtr3boXbtzcDAzY9b6M25NA,1,1,1
عائلة رياض,UCsc0cXTWBI7suJmQXvfs5Hw,1,1,1
VikatanTV,UCEhsOgK2u8GDDoynMCj78Ng,1,1,1
Facts Verse,UCXZpQgX1897wYDLtvzmgyIA,1,1,1
Fortnite Clips,UCRYk3H-95IhLuAstBIisSIg,1,1,0
TRANS TV Official,UCIohHXwCEKxWCLvAguJ-GjA,1,1,1
Ali Baba channel,UC8uTWdM6Ns528noHMHBN15g,1,1,1
Anuel Fans Mundial,UCNQarcUSmjopmK3tSrdj3Vw,1,1,0
EBSKids (EBS 유아),UCx_dzPI6efSohgtOkAG43-A,1,1,1
ROHIT RATAN Entertainment,UCSc-iXXQkg9PMiuUZcEwMew,1,1,0
Family Playlab,UCyWkpcB25Hr2oN7uRlsNg5g,1,1,1
Katie Cutie Kids TV,UCE5910LWuMTGWmIJ_WE3KvA,1,1,1
Dr. Sandra Lee (aka Dr. Pimple…,UCgrsF4TYwmrV0QsXb8AoeHQ,1,1,1
Dance India Dance,UCyU0H_poeSOraMD2y9Vku6A,1,1,1
Jimmy Kimmel Live,UCa6vGFO9ty8v5KZJXQxdhaw,1,1,1
ChrisBrownVEVO,UCm1dsgJNnhaLkY3uAdqN4mA,1,1,1
zbing z.,UC5zGJZpxeZPFcds5gFcDE7Q,1,1,1
RDC Gujarati,UCuB7zkQVpcPKzHYJn45vM9w,1,1,1
As/Is,UCay_OLhWtf9iklq8zg_or0g,1,1,1
JTBC Entertainment,UCFL1sCAksD6_7JIZwwHcwjQ,1,1,1
wifistudy,UCuWuAvEnKWez5BUr29VpwqA,1,1,1
Brave Wilderness,UC6E2mP01ZLH_kbAyeazCNdg,1,1,1
CamilaCabelloVEVO,UCk0wwaFCIkxwSfi6gpRqQUw,1,1,1
Lele Pons,UCi9cDo6239RAzPpBZO9y5SA,1,1,1
Левушка ТВ / Levushka TV,UCzimDxQUrWdZ59Fv4ZONruA,1,1,0
Kids Fun,UC6paX0kLA8D81aYogceMufw,1,1,1
Na CorreRia,UCHutMB8u5KZzuHzeSJCob1g,1,1,1
Lahari Music | T-Series,UCnSqxrSfo1sK4WZ7nBpYW1Q,1,1,1
TLC,UCqf2gzmKtH3PaAbt-qgFFsw,1,1,1
Antena 3,UC84t25xqhPEPpGY7NBZJ_eA,1,1,1
Nirahua Music World,UCKNGMXJHTiGFdZNSo_zs3fQ,1,1,1
Sonotek Sapna Official,UCuajwgnxd-uxvNzzwYwjifA,1,1,1
AdeleVEVO,UComP_epzeKzvBX156r6pm1Q,1,1,0
Daily Bumps,UCyCyTe_1bT2aIPwG_gxbyeg,1,1,1
toyorbabytv,UCHAbNxkU837UAkZ-OPtdUUw,1,1,1
Tasty,UCJFp8uSYCjXOMnkUyb3CQ3Q,1,1,1
Indosiar,UCYqOeAXJm8yV9sJ8Ud3cR7A,1,1,1
Marco Flores Y La Jerez,UCJrSnH8QrJQR_l0obYjAcIg,1,1,1
Izabela Stress,UC8-4DBG_s3OvpuNFdEYxnFA,1,1,1
AdMe.ru - Сайт о…,UCuVpbMt4yu4I9eAey3khnGg,1,1,1
Diogo Lopes,UCOqbjHIdtDFWt7voEKlQZww,1,1,0
TV Thunder Official,UC3pyPJdd1J4OWCTnUd0ychA,1,1,1
ChildishGambinoVEVO,UCjYO25ZVJT523TD1iYHzcbw,1,1,0
SUKA MIRING,UCm42RZqlteb37XJp5oRJ3Sg,1,1,0
Mor Music,UC9lCyYV6W4OWGD5nvsARqfg,1,1,1
Barbie,UCadtap8RYMNy8w4K9lXhzpQ,1,1,1
Flashback FM,UC-GAhNmY6bkuuRPUSaRI_oQ,1,1,1
RihannaVEVO,UC2xskkQVFEpLcGFnNSLQY0A,1,1,1
Erkenci Kuş,UC64mzacdticc87zH870bQGA,1,1,1
kev,UCrkfdiZ4pF3f5waQaJtjXew,1,1,1
piso21music,UCEFNzT2RoVqGkV4e3Osyx4A,1,1,1
Ya - Alisa,UCVbPnm-qCjH-8Yl1-k4BQkA,1,1,1
TRANS7 OFFICIAL,UC24_Z2L-8Ki183AI9zJJzNQ,1,1,1
Funny Stop Motion videos,UCXLw_h6bFfPOKbDJXDUjA-Q,1,1,1
Avances por Vlog Novelero,UCM48w0E2qta_okWJw0EkHBQ,1,1,0
Truyen Hinh Vinh Long,UCYIUuKyiDCBnG-tp6jr-1nA,1,1,1
Cole&Sav,UC4-CH0epzZpD_ARhxCx6LaQ,1,1,1
Latina.pe,UC3rDtLrcgr3JS3_3JOW4BAw,1,1,1
Home Bollywud,UCfyKktpUgdV5xDEhakicCsw,1,1,1
Talking Tom,UCDCNmuaOXOo25Yn4mbMHhhQ,1,1,1
Britain's Got Talent,UCUtZaxDF3hD5VK4xRYFBePQ,1,1,1
حقائق وأسرار,UCBzrJ1zGf9-0cd5-n7sBraQ,1,1,1
Wish 107.5,UCdfq8-581QVUtVsa8ChVnDQ,1,1,1
Super Polina Play,UCGXUFnA7-MzlMwJjl0r2qyA,1,1,1
AtimeOnline,UCFhn9MQ7UTyeDqfn2Kt0dyA,1,1,1
JenniferLopezVEVO,UCx1f1u4XlFFr0YgqF3wB4lQ,1,1,1
Little Angel: Nursery Rhymes & Kids…,UCNzsYU0aWwjERj-9Y9HUEng,1,1,1
Comedy Central,UCUsN5ZwHx2kILm84-jPDeXw,1,1,1
Good Mythical Morning,UC4PooiX37Pld1T8J5SYT-SQ,1,1,1
Hindi Fairy Tales,UCsyoNsqE37tZIkuvqVPTa7g,1,1,1
Mejores Juguetes,UCVnu0ZtcaY9bpJgdxAaqagA,1,1,1
Len Ken,UCeBWh-0p7vgBeD6HOHBpfwQ,1,1,1
ANTV - Truyền hình Công an…,UCIg56SgvoZF8Qg0Jx_gh6Pg,1,1,1
SQUEEZIE,UCWeg2Pkate69NFdBeuRFTAw,1,1,1
National Geographic,UCpVm7bg6pXKo1Pr6k5kxG9A,1,1,1
Telemundo Novelas,UCsDG_lFhRcvC14XRYVLeIfA,1,1,1
براق ميديا BURAQ MEDIA,UCrBQjR0w_5tEkne1bwUMdwA,1,1,0
Мастерская…,UCRW3VLiVep5Ud4Ovhj2eUyA,1,1,1
Ceylin - H Official,UC_klp3SfMIWQHK0Q0HWKJuA,1,1,1
Brianna's Secret Club TH,UCIfmX_7CyJOpIeEKrp79M6g,1,1,1
Donna the Explorer,UClG3xO5ruPVabweBBOzZlrQ,1,1,1
Kan & Aki's CHANNEL,UCNHqosTdwFPSK5OQsjFoS5g,1,1,1
ボンボンTV,UC6VSFaHYbR-bhNer7DXxGNQ,1,1,1
DisneyJuniorUK,UC7Gf2tZ8coTX2ckTPgn62iQ,1,1,1
KOLLYWOOD MOVIES,UChiNYsxUvw_RUiq8km9sxNg,1,1,0
Coke Studio,UCM1VesJtJ9vTXcMLLr_FfdQ,1,1,1
Clubinho da Laura,UCqeXVpv9hfwxNgO9RaGceUw,1,1,1
MBCClassic,UCG5bAssl2H0wjLG4BEv5ScQ,1,1,1
O Reino das Crianças,UCooY3HgjOMWoDpIHMDM4ghQ,1,1,1
Toy Wizard [토이위자드],UCI55Yj9y3-5_vV7eW6qZHJA,1,1,0
Warner Music México,UCP1b9jYyEqiNhJi4GqYdovw,1,1,1
KSIvsLogan,UCVrQ3fgcMGF8SyowGNaZA6Q,1,1,0
SAS-ASMR,UCp4LfMtDfoa29kTlLnqQ5Mg,1,1,1
GRM Daily,UCqTwKvjbTENZDGbz2si47ag,1,1,1
Shot of The Yeagers,UCXzblaNPtmDBc1QN01fSTzw,1,1,1
Julia MineGirl,UCEOGSdXwcXcNfcuDGbjmgOw,1,1,1
Jelly,UC0DZmkupLYwc0yDsfocLh0A,1,1,1
Haschak Sisters,UCMkfcY0uNTa7hccthSooPnQ,1,1,1
Zig & Sharko,UCcKJJuOe2tOqgrKw0Gks-sw,1,1,1
DIEN QUAN Entertainment / Giải…,UCA3GtNtuKvcj6VrwZ5Gpx9g,1,1,1
Learn And Play,UCkAUThuNDCUG1RMRiCZTm5g,1,1,0
Vinamilk,UCS9JKqDiIJqps1S8kpcx2Xg,1,1,1
Kids Labo TV,UCaDYRLZC8FL-Df3ZJHDnpzw,1,1,1
Me contro Te,UCfGk2x9k0vE14OoMlifGLCg,1,1,1
Fernanfloo,UCV4xOVpbcV8SdueDCOxLXtQ,1,1,1
HAR PAL GEO,UCe9JSDmyqNgA_l2BzGHq1Ug,1,1,1
WhenGamersFail ► Lyon,UC1OGV4dczjRz8wNLRaezJ5Q,1,1,1
Аид [VyacheslavOO],UCPX53dr-NSKoXspKmXanbCw,1,1,1
GamingWithKev,UCrkfdiZ4pF3f5waQaJtjXew,1,1,1
IDJVideos.TV,UCcF7lkZqxzI2asePTbksVdA,1,1,1
WB Kids,UC9trsD1jCTXXtN3xIOIU8gg,1,1,1
hamaarbhojpuri,UCpN-WGQgGsOrXm7nHXDdTDA,1,1,1
1MILLION Dance Studio,UCw8ZhLPdQ0u_Y-TLKd61hGA,1,1,1
Tareq Qar,UCHWXrbZb6jKyZpM3uw1XFyA,1,1,1
Pen Movies,UC3ar28GS6o1p0m_wabfk2zw,1,1,1
JP Plays,UCYSrT9w_V_5wpEahYXTeXUw,1,1,1
TWO SUPER SISTERS,UCjah4obLivaa4UZ96hhJNMw,1,1,0
MrSuicideSheep,UC5nc_ZtjKW1htCVZVRxlQAQ,1,1,1
Its JoJo Siwa,UCeV2O_6QmFaaKBZHY3bJgsA,1,1,1
湖南卫视芒果TV官方频道…,UC1pHFqCMAIHP8gr4lYGtNLA,1,1,1
NTV Telugu,UCumtYpCY26F6Jr3satUgMvA,1,1,1
Troom Troom Es,UCu6oyJJ6PlkeNNv6n26ZNyA,1,1,1
SamsungIndia,UC3O8-tKnz9VUn3sxZKyKN3w,1,1,1
Two Players One Console,UCpyDd4YbikHZE-DtNGfpdjQ,1,1,1
Discovery Kids,UC9PIfDp0yx6QRTMVMltMZyA,1,1,1
Chim Xinh Channel,UCfbLbMIfoy4Oq8Sj5HNzY7Q,1,1,1
Surya Citra Televisi (SCTV),UC_vsErcsq56hOscPHkG-aVw,1,1,1
OfficialWhiteMusic,UCNdqGgAK2u-EucN4IAIqP7Q,1,1,1
truTV,UCb0xfM3HGOsqPYNAocXXNAQ,1,1,1
RCM Bhojpuri Hit,UCkAoKHarkL0cmwiPtluQUXg,1,1,1
THVL Phim,UCrS7tv883mVqv07HKgVuwAA,1,1,1
América Televisión - Novelas,UCGGry4kGWZUqIfG6LLNhOmg,1,1,1
DJKhaledVEVO,UCrFB54bqp8sda4udJyNswlA,1,1,1
TMG Record Channel,UCymN26Slw16Wrb-Dx0SJX-w,1,1,1
DC Kids,UCyu8StPfZWapR6rfW_JgqcA,1,1,1
Tin Tức Mỗi Ngày,UCtv2PuWwWzJml7i8nFTwX7Q,1,1,1
PostMaloneVEVO,UCOhtMAg7xh8wv_wUHMgFc-Q,1,1,1
JonasBlueVEVO,UCC6sWkXNQqyS2r6u6xQ_GdQ,1,1,1
Samsung Vietnam,UCSGD1TbYm5ZEZtGKQlkZ69A,1,1,1
JK YADAV FILMS जे के…,UCLXdX1ESZOPqh7spPaxZy7w,1,1,1
Talking Angela,UCPcynnZcILjm0e2aaaTuCjw,1,1,1
Denis,UCOaMOXfe8EWH1GJyhqhXrAA,1,1,1
Jass Records,UC9Gjog4enoDWRWTaYuamx1g,1,1,1
Alhayah Series TV,UCfM85hxqqKrgGHgFDwcwOpg,1,1,1
Chespirito y sus Amigos,UCJGLRAYP8SwDiYtPL9N06Tg,1,1,0
DaniRep | +6 Vídeos Diarios De GTA…,UCHIwQiZhIn6fm5b_IilqBbQ,1,1,1
Mê Phim,UCha5OPSLGU99o_DYSYOb5wQ,1,1,1
Zee Music Classic,UCLWCv3y3FK1pqEbe_yzilsw,1,1,1
เด็กเลี้ยงควาย…,UCUH59dXFH-xVqgBagbJJMhA,1,1,0
SilvestreDangondVEVO,UC1R8FARF5_LKkZ-w05Yqwug,1,1,1
tvnpl,UCkhF9pRVYFI9aXM2in5JGmg,1,1,1
Albin Lekhove.,UCVQH_BZr05R5pKZnvX-AHqg,1,1,0
Satisfy Channel,UCGdfSaDH9ge4d1yWvSvOWqQ,1,1,1
Dave and Ava - Nursery Rhymes and…,UC6zhI71atP7YLoZyIyCIGNw,1,1,1
Life with Brothers,UC66qTRH20AvahadBgw5YYyQ,1,1,1
ArcadeG,UCT6WT_hTH7HCoPDLfj7i2uw,1,1,1
LIFE VÍDEOS E FOTOS,UCRTgiznzGFwjE6Ofg_xjPcw,1,1,0
Aoffy Maxim,UC1XBVkdmE9kfcP3zWtnD0dw,1,1,1
Queen Official,UCiMhD4jzUqG-IgPzUmmytRQ,1,1,1
AK Films,UC6EI4mb7Cnb7uyxvsRWtcQg,1,1,1
핑크퐁 (인기 동요・동화),UCqXwKu6dKobXEQFhdKtiJLQ,1,1,1
BB Ki Vines,UCqwUrj10mAEsqezcItqvwEw,1,1,1
스위트티비 SweetTV,UCnCXqo9jcQaHjW0iZM7tPOQ,1,1,1
Pen Multiplex,UCObyBrdrtQ20BU9PxHQDY9w,1,1,1
Маша та Ведмідь,UCHZcTOQMlcCmONp5Apm6qSQ,1,1,1
Vy Qwaint,UCmRY4NSGK52lP_Lz11CjdYw,1,1,1
PrinceRoyceVEVO,UCphlOJ8CqfyUi9ayZ2UZmfg,1,1,1
GEazyMusicVEVO,UCjjC1Jk_1o1VWpLalgo21XQ,1,1,1
ZEE 24 TAAS,UCVbsFo8aCgvIRIO9RYwsQMA,1,1,1
اغاني مشهورة Music…,UCINUf3i8RtrCpSt0YaY2u7A,1,1,0
Neo-Saban Power Rangers,UCpgxmlXoDtkYzRQ4cJgCT5A,1,1,1
Познаватель,UCXTMoE1XgvxN4iCt5-gZzCw,1,1,1
MovieCon Animation,UCJVfKoXyh7sdV4V0YdYTePg,1,1,1
C.A.F - Children And Families,UCXWyBhNkv67f0v4GpUhF1mg,1,1,0
HikakinGames,UCX1xppLvuj03ubLio8jslyA,1,1,1
Lazada Thailand,UCn-V4QcDlfMqk8bYIj-SThA,1,1,1
Paulinho e Toquinho,UCzmfQwPcjXGOvTLnGJQFUvA,1,1,1
Unbox Therapy,UCsTcErHg8oDvUnTzoqsYeNw,1,1,1
Gato Galactico,UCbt4SegZBQLeXMTMvnrfZtw,1,1,1
MoratVEVO,UCncmmq2xV1002xNnx9_rDhw,1,1,0
James Charles,UCucot-Zp428OwkyRm2I7v2Q,1,1,1
AlHayah TV Network,UCWuj6cpZL_T1U508Y082u3g,1,1,1
GMM25Thailand,UCTP5z0kFg6-nPcZ79gTC67Q,1,1,1
Trimurti,UC0pjYdWYOiD3-toOOyZZApw,1,1,1
Planeta das Gêmeas,UCqqGXzmJn6biINRt5OILmRQ,1,1,1
Warner Música,UCKTWUJqT3NSZ50I49ExjWZQ,1,1,1
packattack04082,UCg_j7kndWLFZEg4yCqUWPCA,1,1,1
Renato Garcia,UChMJkHCD2wdvSO7CMOuLR-w,1,1,1
TEDx Talks,UCsT0YIqwnpJCM-mx7-gSA4Q,1,1,1
办公室小野官方频道 Ms Yeah…,UCRB4xZ_2ew7fzmrcv8aj4Lw,1,1,1
Deji,UCrqsNpKuDQZreGaxBL_a5Jg,1,1,1
WamIndia Movie Talkies,UChOXJw1nDQMmaGZg1DOv8bQ,1,1,1
Mango Music,UCWqyzn3cDkRDh3kRGWrIQwA,1,1,1
BuzzFeedBlue,UCBUVGPsJzc1U8SECMgBaMFw,1,1,1
Boys and Toys,UCWI7puXzGTPuxsoW2HD3XxQ,1,1,1
HPLUS Films,UC0FT3GYB73T_qJnKHR6qs2w,1,1,1
Follow Me,UCdvorvtyQZc2n_zPA5W6ugA,1,1,1
Google Indonesia,UCMb3rZTtSLWFCkDJHglbxVA,1,1,1
Lokdhun Punjabi,UCHcDpS0TXITVs0ZrBSIsEsA,1,1,1
Thuy Nga,UC7nMrW3baKp0dA5Tz9ulVYQ,1,1,1
IMPERIA,UCaWaxupwQ7Pssm94Xcxi8LA,1,1,1
Cia. Daniel Saboya,UCEUf_uUDUfJJ3XfgwOxm-0A,1,1,1
JTBC Drama,UCkbJc8jMcTXwhtmN5VMwfXg,1,1,1
Thibaan Channel,UCiARyB1wacrhQOhhT1K69Wg,1,1,1
なーちゃんねる(Naaachannel),UCoe6KbXN6i2_ZstNmIxH9dQ,1,1,1
infobells - Tamil,UCHcn4Ux-sO9nzNu7rDsoQLg,1,1,1
서은이야기[SeoeunStory],UCVihezVtsguXEouYvtKmKYA,1,1,1
Wave Music - Bhakti,UCjb5iAXrj1D6NjHJYvDGw7w,1,1,1
ToyMart TV,UCbWPYsyJX1-7uvfOw3LkLqw,1,1,1
Bela Bagunça,UChYWDADhmWJU6_X7Vm7FzDw,1,1,1
Sony AATH,UCBz9qbqujcjIavFmBJW2oZw,1,1,1
WildBrain en Español,UCezM7Oug0cC4mW-9o60AjRA,1,1,1
Solnishkam,UCZLpYvytvI4PZCs4gmtzqgQ,1,1,0
UnspeakableGaming,UCKYb5XBe-5OSEgLijLSoDtw,1,1,1
Ameli TVIT,UC9FqpQX13mX-lLBWlTZ6Q0Q,1,1,1
Music Nepal,UC7WYScFxhgJeeL_sJkd8JYg,1,1,1
Vat19,UCDRbNGFusqlXX4a5vwi9ouQ,1,1,1
VTC1 - Tin tức,UCZcCmWhvK0gfThyWRmRerDQ,1,1,1
EXPLORER,UCQ1ihTi5OS_RIr7eQE3IBhA,1,1,1
Coisas dos Famosos,UCJhiDCM9WaO185mgWlVhBiQ,1,1,0
The Shiny Peanut,UCgiO267R4Qo-SJF2UzH5ccQ,1,1,1
Caracol Televisión,UCcpE1fmG2qBZatj28bak2ng,1,1,1
PHD Troll,UC7mc9-vty5WAeIYi0PIkONg,1,1,1
TVCHOSUN,UCWlV3Lz_55UaX4JsMj-z__Q,1,1,1
Wesley Safadão,UCciJLMuECsXuOyhA4FO48Sg,1,1,1
AP International,UChtEvBpe2GQkVzzxvMLLUHA,1,1,1
Official Sabyan gambus,UCfMcMOvgflhwW3FQtLosn7Q,1,1,0
Tokek,UC6-YfN15oLcbL4I7RGbuKnA,1,1,0
Rathore Cassettes,UCbSGbqIVds2FiYn-0v0AqSA,1,1,1
Movieclips Trailers,UCi8e0iOVk1fEOogdfu4YgfA,1,1,1
IISuperwomanII,UCfm4y4rHF5HGrSr-qbvOwOg,1,1,1
M2,UCTQVIXvcHrR9jYoJ6qaBAow,1,1,1
Comedy Wale,UCAWWoipi8gcLwDRmdd8oZKg,1,1,1
Learn Colors with Guka,UCjTtxUhrLl5Arwv1k36MS-g,1,1,1
Larva TUBA,UCph-WGR0oCbJDpaWmNHb5zg,1,1,1
Aqua,UCYBj-GYx_ihae1MfSJQS7nA,1,1,1
PetitGarçon Adam,UC1Sqwf6_UfBB_eNrOwcvacw,1,1,1
NickiMinajAtVEVO,UCaum3Yzdl3TbBt8YUeUGZLQ,1,1,1
rsfriends,UC8GkZ5dlOrw-yN_nkOAIzPA,1,1,1
ONE Media,UCzcRQ3vRNr6fJ1A9rqFn7QA,1,1,1
The World Adventures…,UCr8EWTz_8ljPyE27CiSbsGw,1,1,1
Toy Genie Surprises,UC3q2YwNGj7ktNf70PqMW72g,1,1,1
Mila Toys,UCUfYVtRU4bR9pi2rMWiUB9w,1,1,0
ImediaSeries | أى ميديا…,UCf0OczBVeGQLAlI8xAYHuhQ,1,1,1
Venus Bhojpuri,UCW91g3oy4NPPkhvptikjsbg,1,1,1
BinBin TV,UC4PWQfUTDgxEBwmmLhRWTJw,1,1,1
DANIEL EL TRAVIESO VIDEOS,UCgSk89VX4QiKZsjS25FCBsQ,1,1,1
Little Baby Bum en Español,UCHicabXz9rUMWLcdMqBtbxQ,1,1,1
콩순이・시크릿 쥬쥬…,UC3sCmmMaM383cjv1jNdiU2w,1,1,1
Vihokploeng Channel,UCN5Cj2tr48OoyXGUnsgrVCg,1,1,1
LES BOYS TV,UCErphF_9VoXQB29BVDK9_Jw,1,1,1
Vidéos Drôles,UChWtAcrAaMLAa8Zh_ablfrg,1,1,1
ABP Majha,UCH7nv1A9xIrAifZJNvt7cgA,1,1,1
Tik Tok,UCFEpFpv82DGownPexhrpkZg,1,1,1
CollegeHumor,UCPDXXXJj9nax0fr0Wfc048g,1,1,1
Sarthak Music,UCl14vsKo26SS8OcHedmmaPw,1,1,1
Oh Long Johnson,UCdQdmd81Mw0Qx-GJn7ExJRw,1,1,1
5 DAKİKADA HALLET,UCMX67L1CGxutIdUynvpQnmA,1,1,1
Masha e o Urso,UCJKBSfD5JSUxGhriFeoPCCg,1,1,1
Ambey Bhakti,UC5fbdgYVnVwnEcM2KnaeZ0g,1,1,1
Трум Трум,UCq1JpGFxcZTbbOAz010U-og,1,1,1
o SHOW o,UCIBE7NoWUlV1I-LVi9ApR5Q,1,1,1
PlayToys,UCHFA6Nt11kE_8OWIya0SQDQ,1,1,1
Juguetes con Andre,UC45TGakhd-QcI_Y3WLMz3-g,1,1,1
ตุณานนท์…,UC1iFoV-P3Wh-3SVBWxIIyEA,1,1,1
Saregama Music,UC_A7K2dXFsTMAciGmnNxy-Q,1,1,1
Selena Martinez,UCXlssnvpl-AaRA3TThXLq_A,1,1,0
LosPolinesios,UCs8qka8tfhdc69wzXYdtZ3A,1,1,1
PORKMODZ,UCSn0_ckKBvHeZLokQjjVXww,1,1,1
Irmãos Neto,UCIR9VKPE70KJ4DX2zCjHObw,1,1,1
Toys and Fun,UC2PNWY-Vb7fVCQZvZ9Du7sw,1,1,1
Tarang TV,UCnm5DH0oJndtA-6J10_jIEw,1,1,1
Bizim Hikaye,UC39kGVK0THxKO-UFtMWIvvQ,1,1,1
СТС,UCdmauIL-k-djcct-yMrf82A,1,1,1
Anupam Movie Songs,UCxjk0jpZguFJuyrNM_EIP3w,1,1,1
MessYourself,UCrSgaO6xOY8YV1EoCbD51HA,1,1,1
TV Ana Emilia,UCdPyv-GXDxlOeonqYKtKMSQ,1,1,1
Mohamed Ramadan,UCJCj2HtcnbOyCj1rmKaxwJg,1,1,1
T-Series Regional,UCy2fvV-mH_4AcIgqnLg9uDw,1,1,1
Dolan Twins,UCITqR49EAUY8i1vZtXTwe-A,1,1,1
MY TOYS PINK,UCiPsX9jmY6Loe6F8EE6DPMQ,1,1,1
FunKeep,UCDLHh9rTYYJZzoYA1vaNN2w,1,1,1
Vividplays Channel,UCI7QliUfo3be1pgejbyeMvw,1,1,1
Amit Bhadana,UC_vcKmg67vjMP7ciLnSxSHQ,1,1,1
Mega Super LoLLa,UCvHftbrPCeAH8abVzKlO_bQ,1,1,0
Morphle TV,UC5Ti4_DVp7LW34PjEwB13Xg,1,1,1
PipeCleanerCrafts B,UCOuQbxT3ChGo6B_cJz9InRg,1,1,1
JuanGabrielVEVO,UCWANPVmVKsJUg2ed9hK2r9w,1,1,1
mallemalatv,UCULLmfWqhMOeiWEV6hkMSCg,1,1,1
THVL Giải Trí,UCruaM4824Rr_ry7fsD5Jwag,1,1,1
Sumeet Music,UC06UXRnhvgWfYWnnYq2CYVQ,1,1,1
SelenaGomezVEVO,UCjK8ORC71kwyj1DWFwril_A,1,1,1
SLICK SLIME SAM - DIY Comedy Science for Kids,UCw5VDXH8up3pKUppIvcstNQ,1,1,1
BillieEilishVEVO,UCDGmojLIoWpXok597xYo8cg,1,1,1
Patati Patatá,UCzqxxPUa6KTLyMpZsQMjzaQ,1,1,1
NW news,UC2OH6s_to5IF0mMGK35gUNQ,1,1,0
EllaMaiVEVO,UCdVlI3zsHhvKKH4OEQVHyHA,1,1,0
RemexMusic,UChX2haJZZJOtIIrdqLPvQWA,1,1,1
MegaTV,UCVFyE93TCjUg19FbltaCPrw,1,1,1
ZicZic Supers Songs,UCgVHGvujcrBaXP8vUJ_SzIw,1,1,0
Shahid.net,UCokgtRLAWKNPdfFMaSfLLbA,1,1,1
Bryant Myers,UCTHTB1_BGcac49N3527qQ9Q,1,1,1
Poll Production,UCzZ1I1j--g9sFVB-6-1yzWw,1,1,1
The Tonight Show Starring Jimmy…,UC8-Th83bH_thdKZDJCrn88g,1,1,1
Reaction Time,UChM5Ff2yVeIZ16EWiB081cg,1,1,1
That YouTub3 Family,UCbZgDzTkBQMkPWYBFESJ3sQ,1,1,1
SuperZoo - Best cartoon for kids…,UCUU9uHMsysDemU44kOZZNMA,1,1,1
Bazylland,UCfI1cD9PdHiz1gIwRkFVcrA,1,1,1
BARBIE FILMES BR,UChWJfq0sMKpTpDpp9jsrrkQ,1,1,1
DeGoBooM,UCj9rK3jt8qmih4mZX0UL67g,1,1,1
топКино,UCEScTo5Hk1YXsCqGW1zgQEw,1,1,1
TheRichest,UCdxi8d8qRsRyUi2ERYjYb-w,1,1,1
Лучшие приколы Best…,UCMfuQD2rhL1JhD2EuICXr9A,1,1,0
Yong Ye,UCT6iAerLNE-0J1S_E97UAuQ,1,1,1
Crafty Panda,UC03RvJoIhm_fMwlUpm9ZvFw,1,1,1
Sonotek Bhakti,UC3oQ1986eLZ4MhyPBiu54PA,1,1,1
JoyJoy Lika,UCey_5HjnJ1EYI7k-_bjVFTg,1,1,1
Viki Show,UCnm_vYgguleXm0FL4F2vejg,1,1,1
Movie Clips,UC3gNmTGu-TTbFPpfSs5kNkg,1,1,1
Funny Stacy,UCpEJRZdSpdVZ8vh63T9I2KQ,1,1,1
Ibu dan Balita Indonesia,UC72YzxWLsng_rTrTMYlFLgw,1,1,1
CantaJuegoVEVO,UCP6YCSvxq2HEX33Sd-iC4zw,1,1,1
Morgz,UCBwSufNse8VMBvQM_rCSvgQ,1,1,1
ON Ent,UCpuCos88YFmYxjHamHhEJhA,1,1,1
Sing Music Channel,UCbOCVDOZathZT3kmUcVo8pQ,1,1,1
MaKar & Nursery Rhymes and Songs,UCW0H_juCx7nk9Cght1CxjbA,1,1,1
ALL THE K-POP,UCPde4guD9yFBRzkxk2PatoA,1,1,1
Comedy Captain Hindi HD,UCALeHfwxZslowXw-ug7tT7g,1,1,1
Illslick thelegandary,UCPjJUEUwxI7GHMKiiEB-R7w,1,1,1
Mother Goose Club Playhouse,UC6zPzUJo8hu-5TzUk8IEC2Q,1,1,1
PlayCow.com,UCgB0U2prha9Frc0FBYYwIBw,1,1,1
Studio Saraswati Official,UCpZVXyR7lix525VPi3Vc5mg,1,1,1
Show Ana Haber,UC7DDcxd92wR0LzlMKIcHDAA,1,1,1
Bollywood Classics,UCRm96I5kmb_iGFofE5N691w,1,1,1
WigglePop,UCK_X-Yz57wkNo4xSucD7-rg,1,1,1
SamSmithWorldVEVO,UC3Pa0DVzVkqEN_CwsNMapqg,1,1,1
Rebecca Zamolo,UCfw8x3VR-ElcaWW2Tg_jgSA,1,1,1
HomeAnimations - Мультики…,UC-Bc-4nV2-Tk4Af2rqrmrjA,1,1,1
Playtime4kidz,UCwlSCPl0s37ztpYZH6E6qrA,1,1,1
Hollywood Inside,UCMxyIKUrcK641B3Fo4lTTVA,1,1,1
Ghiền Mì Gõ,UCq6ApdQI0roaprMAY1gZTgw,1,1,1
News Tak,UCAUNFgpgVisKPL3yq_-Nj-Q,1,1,1
IULITM,UCQdgVr3dEAeUvDbhSHAw4Gg,1,1,1
3ater Alsham عطر الشام,UCQOK-OzmSOZDf7v_7H43jkw,1,1,1
The Sean Ward Show,UCEvLUnQiH-i1XUNikh0Zm4g,1,1,1
Giọng Ca Để Đời,UCwZ2ZaFfTusqV_MGMHUnEsg,1,1,1
TBE Kids,UCtqMMtosxNker9vn09deMFg,1,1,0
Fizzy Toy Show,UCV6P5rRVmiTL637byUZBTrQ,1,1,1
Teremok TV,UCxWkNmkeAL52VTJyBlIJRXw,1,1,1
BIG Magic,UC3vABwrHdAD4BPnfvJCoddg,1,1,1
Amit choudhary,UCjf7qoIqiwqpqFBpARaf_Gg,1,1,0
JaxJonesVEVO,UCzbcw181Z5akuNUNLXqFtsQ,1,1,0
BBC,UC16niRr50-MSBwiO3YDb3RA,1,1,1
TeluguOne,UCXjhJbviBl0M4JAC3cxDXqA,1,1,1
Kids Learning Songs,UCcOj1rEHLhu3QDHP_gGgVkg,1,1,1
Kids Toys & Adventures,UCsB-1d8mS9zhHIje_sGTpXA,1,1,1
GunsNRosesVEVO,UCJN4c_lZorb_0eyIP_tSS3A,1,1,1
Kids Club TV,UCmNY715RbpMB9OfpVpybFOw,1,1,0
Turkish Series مسلسل تركي,UC48uOgKYE_w6jKCFEvPhAvw,1,1,0
emma chamberlain,UC78cxCAcp7JfQPgKxYdyGrg,1,1,1
CNN Indonesia,UCKII0Ml9S5wneKbHswmUrIQ,1,1,1
떵개떵,UC-i2ywiuvjvpTy2zW-tXfkw,1,1,1
Gustavo Mioto,UCCCIzjqbX7psrn0HYG50phg,1,1,1
Netflix,UCWOA1ZGywLbqmigxE4Qlvuw,1,1,1
NDJ Film Official,UCCD6ZlRgdtYyI3Oyn52Y4nQ,1,1,1
Funny Vines,UCd07rKJ7Q0pg5ths7Pz8k8Q,1,1,1
jeffreestar,UCkvK_5omS-42Ovgah8KRKtg,1,1,1
YimYam TV,UCcRu53iblqjNvJFFDLHikdA,1,1,1
INSIDER,UCHJuQZuzapBh-CuhRYxIZrg,1,1,1
SHOPEE Indonesia,UCwljrkoI5jsfvAKgW3zNC7Q,1,1,1
BakLol Video,UCQfE97UMDGgKCFb7iGM8Btg,1,1,1
WOW ENGLISH TV,UCx1xhxQyzR4TT6PmXO0khbQ,1,1,1
AviciiOfficialVEVO,UC1SqP7_RfOC9Jf9L_GRHANg,1,1,1
SUNDRANI,UC2cS0jW3himSvxXyLbkHVkg,1,1,1
karameeshchannel,UCZ7V5FSAdPkRjPf64pPx9-Q,1,1,1
FitDance,UCFu2moE2kAMkd5TxfE6fTVg,1,1,1
Planet Earth INDIA,UCMZ1mhXvZEhAEwVtAMmvioA,1,1,1
Telefe,UCHc3el42hXKKhjs_1vzWk9A,1,1,1
PopArt Discos,UCDedmKlcV4qoJZOW7H8KhQw,1,1,1
FRESH Movie Trailers,UCzNWVDZQ55bjq8uILZ7_wyQ,1,1,1
Cat Music,UCCTR5nIFvWBW9MeGEGPNG4g,1,1,1
ArkivaShqip,UCUd0P7GJ_6UiLcIpfKH9sCQ,1,1,1
El Adl Group,UCk554VGjGrZsLBUPW11cC7A,1,1,1
JUJU Jugando,UCsflOwQtDjcuIAyvy3gLVMQ,1,1,0
iKON,UCWxCyZibDIWIrGIgP25mbfw,1,1,1
Gojzer,UCL3Cq-M4RE8M_7IbVjt5fcg,1,1,1
Saad Lamjarred | سعد لمجرد,UC9hJ5XcjHXYjwDOqrlQUuow,1,1,1
Cumicumi,UC5A_pdnOOcMsaBzFAHiTMLg,1,1,1
storybooth,UCWENB1OaGA9402PKzEVl0ow,1,1,1
OneRepublicVEVO,UCQ5kHOKpF3-1_UCKaqXARRg,1,1,1
TOY GUMA,UCobTjybs6aP0ECliVTqbmog,1,1,1
Les' Copaque Production,UCR1c65UsjpaVgcLKa7eM1tg,1,1,1
Earwax Specialist,UCAxplrfzotx7p03CHj9Nvbw,1,1,1
Jugnu Kids - Nursery Rhymes and…,UCsCe7SNQckiRJ6y563SIupg,1,1,1
IDEAS EN 5 MINUTOS,UC_OLtzRJdg0MJfiqGWAAIHw,1,1,1
Tin Siêu Còi,UCQVpIQROT1oE9rrieMRY4gg,1,1,1
BIGBANG,UCzw-C7fNfs018R1FzIKnlaA,1,1,1
Wow Kidz Comedy,UCqJJbvUhO5bybTZT-dKSe7w,1,1,1
simayproduction,UCVbOx3ol_gBCB3X4A_uvtWA,1,1,1
RK RAJ DJ,UCdg_5n5XfysLHAjZXC9qB6Q,1,1,0
Hong Giang DIY Slime,UCCdYYruzqbr0FdNehbUoUiw,1,1,1
Pica - Pica Oficial,UCQFZLyU7ndDUk4epI-7QqXw,1,1,1
Universe Adventure,UCP9nQIE4mBLSu2nvLDZJZWg,1,1,1
Hillsong Worship,UC4q12NoPNySbVqwpw4iO5Vg,1,1,1
Boram Tube [보람튜브],UCJedRe-OQCN-75DhLmG3VPQ,1,1,1
EHPMusicChannel,UC345x_D7DgK5313D3ftM_EQ,1,1,1
iGAMING TV,UCyily0XbC0FotCQARGxRxLQ,1,1,1
Netflix India,UCZSNzBgFub_WWil6TOTYwAg,1,1,1
Latest News Updates,UCP0uG-mcMImgKnJz-VjJZmQ,1,1,1
ولاية بطيخ | Melon City…,UCDwbDyYQGQuLcyr0_gv1IeQ,1,1,1
Movie Talkies,UCU5pQWmxvxqRP5u-SdoV8rQ,1,1,1
MrBrent98,UC56D-IHcUvLVFTX_8NpQMXg,1,1,1
Gallina Pintadita,UCKdEsgHiM0SulsFXm7QMJAg,1,1,0
W2S,UCjtLOfx1yt1NlnFIDyAX3Ug,1,1,1
Теремок - Песенки…,UCqZZoXlUEki3H7_GCQrw53A,1,1,1
Zara Cute,UCBOSOWt_VXm_XBWNbTMDwnw,1,1,1
PrestonPlayz - Minecraft,UC70Dib4MvFfT1tU6MqeyHpQ,1,1,1
Oddbods - Official Channel,UCtlth0w7_mYqpHPViMhQ99Q,1,1,1
ZENSE Entertainment,UCyw69lFs9nFatEft6isn1CA,1,1,1
UKids TV,UClxxpwcdrc6irZ3cnLRTxXA,1,1,1
Juguetes Sorpresa,UC4ns_j10J5ItewBU-Dh3TYQ,1,1,1
PlayDJ In,UCWGY8UUO8L3VpMqus6UgTIg,1,1,1
Health Tips for You,UCF1MvdmVoBk68RxduPdaAzQ,1,1,1
Wirkaufendeinauto.de,UCwNypbaL7ZOFSzRc31m4k_A,1,1,0
Herşey Dahil,UCU2GzCPr98GE1EBxowK7yFg,1,1,1
Pocoyo,UCdknlZNiH-2VWrvjXkx9dJA,1,1,1
YuridiaVEVO,UC22QP-rNb5wWyJ0BQOWlXQA,1,1,1
MowMow☆おもちゅーぶ,UCqiiHmLjvBf1zlgNMVNLOPg,1,1,1
Ini Talk Show,UCo1CFjot3CX97sn_ngJnGPg,1,1,1
3Palavrinhas,UCb08zJgXapidkizIaEN5EfQ,1,1,1
kids7,UCN4pXFmJfeuHVymTTl75KOg,1,1,0
FutParódias,UCGFNp4Pialo9wjT9Bo8wECA,1,1,1
VIDEOMUG비디오머그,UCMEbRpvuwTbXxGiyDb1mT8w,1,1,1
CBCDrama,UC3Dci3BzZXDo4jw4dU8KqWg,1,1,1
Trinity and Beyond,UCCryrohClZM8XK4yEYBE_qA,1,1,1
REACT,UCHEf6T_gVq4tlW5i91ESiWg,1,1,1
Tibo InShape,UCpWaR3gNAQGsX48cIlQC0qw,1,1,1
Lâm Vlog,UConnM5zwOP9vG_LPTYbRsAg,1,1,1
DrossRotzank,UCNYW2vfGrUE6R5mIJYzkRyQ,1,1,1
SonoraDinamitaVEVO,UCxLBJ4S-Y3sOzZd-PneRzFw,1,1,0
भक्ति,UCCEGYT2pAYhQvBgGfkGHYTA,1,1,0
Vito Minecraft,UCh_9hI5fOpxYR40zr8AzuCQ,1,1,1
Programa Pânico,UC9U4nIDyIzzelXrjNQXNvxA,1,1,1
Mert TÜTER,UC8ZdP2zcHOU51t2HcQ_dlMg,1,1,0
VN Children’s Music,UCChgz-3siL4W3V9FW2sWEHQ,1,1,0
Stubborn Facts,UCJZ5gFXzSZ9i-R1HEnS8U_A,1,1,1
FORMULA 1,UCB_qr75-ydFVKSF9Dmo6izg,1,1,1
KarolGVEVO,UCz9yS18zJGQObwUL_K-ICnw,1,1,0
Tamer Hosny,UC0PClesNONq7W_h1Mvj1z2g,1,1,1
Mimi Lissa,UCsIoBmCIpp62ikGuXA_4SoQ,1,1,1
ABC For Kids TV,UCbCmjCuTUZos6Inko4u57UQ,1,1,1
Wave Music - Bhojpuri Movies,UCaP6L7U9mq8C3OehlBhwqgg,1,1,1
Ricis Official,UC4tS4Q_Cno5JVcIUXxQOOpA,1,1,1
tvN DRAMA,UC9w-h_ciMmX64TcLRcb1xPg,1,1,1
L'Algerino,UCp8Lmjx1i93YVokA4fNAs1g,1,1,1
Troom Troom PT,UCgCQlMYN2XypwYC2wcR32bA,1,1,1
18th Asian Games 2018,UC7oWYw9vZbkDwCi81hJpZTQ,1,1,1
Bollywood Uncut,UCk-kyPgtGmcaqI_hanG2hGg,1,1,1
Robin Hood Gamer,UCYtaoJSk9iIrFxx8eZB15ag,1,1,1
IMediaShows,UCfR78bigfCEps84qTjbsuoQ,1,1,1
LOVEiS+,UCrNFXmtWRFgbMHYJpjS3_0g,1,1,1
Videogyan 3D Rhymes - Nursery…,UCs0upBDG-dCAxy8_VDPE5XA,1,1,1
Posteries,UCoNngYLb56Y0UMAhqVyvytQ,1,1,1
Dolly's Stories KIDS,UCXlOesa1twbhiVSF09QCRsA,1,1,1
RE -research,UCyEC8PZQgkB8tpZKZrq8Y6Q,1,1,1
Mega Kids Tv,UCej8z9NGaA9Hdd8k5hueXKw,1,1,0
Annoying Orange,UCi-5OZ2tYuwMLIcEyOsbdRA,1,1,1
MoonKase,UCB6p9lMfq6rczdFStOJ1eNA,1,1,1
ZicZic Baby,UC7M4oVsA2K4NZ05GVkYPv7w,1,1,0
NH Studioz,UCxtwjNPrymSvS4UD_6HgcxQ,1,1,1
NTN Vlogs,UCiZJtnTQunvoY0xgv-Ce_rg,1,1,1
Brytiago Cartel Records,UCuVvjHUPjVsJraijv120D_A,1,1,1
Oops Banana,UCuygBqDmC3r93ABO6BUMj6A,1,1,1
Grand Production,UCFQdwnVf66D3Abx6DxXN8UA,1,1,1
YGVEVO,UCIUKjjLfyf19Mr6Q_27GXlw,1,1,1
Invento na Hora,UCR3vcUrhFUdzagng58ueI2w,1,1,1
Black Beats,UCHDl4zUzU0VLFG036unHY-w,1,1,1
littlemixVEVO,UCssD3_aDYhaG44mwP53CO0w,1,1,1
Rice and Turtle,UC5pawe6AzafB6n2K07gApkQ,1,1,1
Ярик Кент,UC5hNc6nMPLmcgygWgdHifgw,1,1,1
KoLshi Tv كلشي,UCik6Qx_sIVqa2qUEb9YDfzQ,1,1,0
NBC World of Dance,UCOiUKJ6lMU3yHbVNtNXJyfw,1,1,0
CNCOVEVO,UC23ROAqt3prjnS89uHwcaaQ,1,1,1
GameGrumps,UC9CuvdOVfMPvKCiwdGKL3cQ,1,1,1
Univision Noticias,UC32TdiIsh_5X8tKr_9rKQyA,1,1,1
DramaKBS,UChpjIaEgwtDZtmWEkzFulSA,1,1,1
華納音樂 Warner Music Taiwan…,UCStpPtoeQUYII1Jsbl0qf8A,1,1,1
Jana Tube,UC6gBBhyUVtRaYZL27tQjyVw,1,1,0
JukiLop,UCHDeuavvkVwDyJgRFVfbpXA,1,1,0
DisneyChannelUK,UCLeuoGy_hUDTBf5Hk0ynrpQ,1,1,1
LG India,UCTPlNEVhogn_t03OSP2tyXg,1,1,1
twenty one pilots,UCBQZwaNPFfJ1gZ1fLZpAEGw,1,1,1
Daequan Loco,UCbJ9W-EexsJSMc4wMPOA9pA,1,1,1
OLGACRAFTS,UCtAyOui9KVgV0qmIMvy2qfQ,1,1,1
SpJockey,UC1GAMi8OhcorAwIEvYMdySA,1,1,1
Daniel Boy,UCdfXOIogbMA7h7iBp--nmYg,1,1,1
BONNY KIDS TV,UC3H2C9wH4dZ0Bq-xYexEL9Q,1,1,0
Peppa Pig En Español Capitulos…,UCrreHSUa5rnuCVDeO8dX4eA,1,1,1
INCRÍVEL,UCIQPHl1WKKTt9KkWyo_JNig,1,1,1
IDEIAS INCRÍVEIS,UCcQeJmGXpa_t03Zjrl8Aq4g,1,1,1
Beşiktaş Kültür Merkezi (BKM),UCoe0QD045tgbTE6bsbRGU5w,1,1,1
Kaykai Salaider,UCdLGCJcIGu5ExzYN6CXtkIw,1,1,1
Fortnite Funny,UCny0sheaqkotZIb6BjfQGWQ,1,1,1
SumanTV,UCjvlGpg8tXylzRqdFExxUZw,1,1,1
ArcadeGaming,UCFNsgMgBHKhYLihk9OUCF-Q,1,1,1
Eros Now Movies Preview,UCpYwuXwjTQfMA67gFa5rsmg,1,1,1
Danny Ocean,UC8OjoQHmGd7fDWluxKlQGdg,1,1,0
Jason Derulo,UCA7oqkXUZIlT8QXhxaIR4RA,1,1,1
Beto Sierra,UCcLacBOybtmDLn3uAFemW_A,1,1,1
CarlosVivesVEVO,UChcn-n6L8vYHzsqOwOubdRQ,1,1,1
platinumrecordsmusic,UCaTEzQ2l5uvEIVg5diys6dw,1,1,1
lesliegraceVEVO,UCNwQIsDSb-3y5Bhx52rATnw,1,1,0
Linus Tech Tips,UCXuqSBlHAE6Xw-yeJA0Tunw,1,1,1
ETV Plus India,UCi1m4TnmmXGUIY4roVtvjDA,1,1,1
Enamorándonos,UCZhXP0pl-eIfYZSNdfnnI0A,1,1,1
Shemaroo Movies,UCBOmfqgTZi7yDp4-3Lr_3lA,1,1,1
Yippee Toys,UCiw97Iyd9CbAyr00D94v3tg,1,1,0
SuperHeroKids,UCNLdqhBwGzscezZwsdcm0SA,1,1,1
SETN三立新聞網,UCIU8ha-NHmLjtUwU7dFiXUA,1,1,1
Anthony Ying,UCVjh0oZ3Ug5-s3WX1awxblQ,1,1,1
Gnews,UCG9ShGbASoiwHwFcLcAh9EA,1,1,1
Viral Maniacs,UCWYTHeX06gpt4XYumGPrWgA,1,1,0
PDK Films,UC-F6LZSWz34xKknY8NNCzgQ,1,1,1
Red Chillies Entertainment,UCjJKg01HAP01xCLVhDmnLhw,1,1,1
Fun Kids House,UCF0OLOFwYYu5SkDNunKMbqw,1,1,0
Animal Aid Unlimited India,UC4kyYTypYb3mQ6ZL25kly6g,1,1,1
BE AMAZED,UCkQO3QsgTpNTsOw6ujimT5Q,1,1,1
AFernandezVEVO,UCIYJxVaMrBhTDiM5CWHCzIQ,1,1,1
70cleam,UC17_aMbsbwtzpa4-SUlDEOw,1,1,1
Life Hacks & Experiments,UCDRx0wMgscsG6vPNB0sO65Q,1,1,1
Fox News,UCXIJgqnII2ZOINSWNOGFThA,1,1,1
Toymong tv 토이몽TV,UC0vDCy8moGUhR7kRL19wWpw,1,1,1
TheWillyrex,UC4LHNX8d8RqnDX0OezgmCTg,1,1,1
WildBrain em Português,UCKWGr9VyIYn_c6gXbYctH3w,1,1,1
YTN NEWS,UChlgI3UHCOnwUGzWzbJ3H5w,1,1,1
Breaking News India,UCIvaYmXn910QMdemBG3v1pQ,1,1,1
Miniminter,UCWZmCMB7mmKWcXJSIPRhzZw,1,1,1
Mr DegrEE,UCeYTfGpNCmVhlxjQxBDrGPA,1,1,1
Tamil cinema,UC-Hm8vtPdB9DDVFEOJMwBzg,1,1,1
Español Para Niños,UCW0fLAGU31dyY7PDgjCs0pQ,1,1,1
Bhavani HD Movies,UCgFyj4ZYwFOhaosUvrYne_w,1,1,1
infobells,UCHcn4Ux-sO9nzNu7rDsoQLg,1,1,1
Chouftv - شوف تيفي,UCI3ESb2GoE1w5MIKosbmutQ,1,1,1
Tady Kristián,UCBuUNLdCEP67EUGhOe3okMA,1,1,0
BEBEKIDS,UCa9C00t1E9TUzbuS9T6MU9Q,1,1,0
Nina Twin Kids,UC8s2x0H-0EeJ_wqf2ZEO24g,1,1,1
★ Kids Roma Show,UCx790OVgpTC1UVBQIqu3gnQ,1,1,1
Promi Big Brother,UCAIxXfTL1Kmbps2IwuQN6Dg,1,1,1
SBSNOW,UCcOYEm78CpaZQvPE6LtoSeA,1,1,1
OneDirectionVEVO,UCbW18JZRgko_mOGm5er8Yzg,1,1,1
Flamingo,UCm-X6o81nRsXQTmqpyArkBQ,1,1,1
TVN Series,UCygICIFaB6npPKJd4WHQ5zA,1,1,1
loveliveserve,UCyoEZ7icpGsUlki08Is8v9g,1,1,1
Смотри как я (Watch Me),UCGTl_sQxago30b5vfoMomCg,1,1,1
ashish chanchlani vines,UC7eHZXheF8nVOfwB2PEslMw,1,1,1
The Divine Tales,UCoKdj1lKDAIKslWwBoSQBsg,1,1,1
Tayo the Little Bus,UC9CsZoTaHZqZjnNZv7v3T1g,1,1,1
Anne-Marie,UCBL7ZxVX4GvW4CFiES_-0YA,1,1,1
Rajasthani Gorband Music HD,UCu_pb2X0hQsMzMkxrPEPO9w,1,1,1
Daftar Populer,UCQW2tTNJ40V2T6MqV1eMZ0w,1,1,1
Maître GIMS,UCCB1Byx5yTbLpQaV-rlfmtA,1,1,1
MBCkpop,UCe52oeb7Xv_KaJsEzcKXJJg,1,1,1
The Q,UCZdGJgHbmqQcVZaJCkqDRwg,1,1,1
TheTalko,UC1Ydgfp2x8oLYG66KZHXs1g,1,1,1
Mo Vlogs,UC_hoQDD6zKcIqpIYLsFbBeA,1,1,1
Kuplinov ► Play,UCdKuE7a2QZeHPhDntXVZ91w,1,1,1
Hichem Smati,UCjJ7x93rfGYz7ZA7Ro9bJuw,1,1,1
Cleo & Cuquín - Familia Telerín,UChlTeveFUK6bvHrmCb8J99w,1,1,1
Sapna Choudhary,UCauic8aGFEBYRSHsdrr_HMA,1,1,0
TazerCraft,UCjBO43ykxlSs3j7F7EXcBUQ,1,1,1
Silly Family,UCvthuVsurPaVz2a7_4LepGg,1,1,1
Zouzounia TV,UCzsQf6eiWz4gIHgx0oYadXA,1,1,1
SBS TV동물농장x애니멀봐,UC22go5LdQEw-iDuxFb4C0hw,1,1,1
acdcVEVO,UCmPuJ2BltKsGE2966jLgCnw,1,1,1
Parafernalha,UCddYq41_tZ1FnLlguLT6-Ow,1,1,1
Galileo,UC1XrG1M_hw8103zO2x-oivg,1,1,1
ToyTocToc,UCRZPl8_4FXHeFhawbrtxdOQ,1,1,0
Jayas Kumar,UCax9CJCQ6aY0bntP3mcIWKQ,1,1,1
Passenger,UCFHtCB_FWXQ8GpjgfYcD8-g,1,1,1
더깊이10,UCLh0F52tTkSkCtViqWt91dg,1,1,1
KIDZ RHYMES,UCvsMJuKN5n6Li0pp6oHrFwQ,1,1,0
Just For Laughs Gags Arabic,UCbS2xV_ICyVCIB9q6WLy0aQ,1,1,1
SSundee,UCke6I9N4KfC968-yRcd5YRg,1,1,1
TVI,UC5lg8zKcnJ1rnxR6lPgD1ug,1,1,1
Fortnite Poggers,UCjsKIxAWiIKWpK0V7O5j48g,1,1,0
Hoạt Hình Cartoon,UCO2MqLTwlF_lGi_qfCrl1rg,1,1,0
Crime Watch Daily,UC69uYUqvx-vw4luuX7aHNLQ,1,1,1
Ferrugem Oficial,UCrbPlzWoueuZBkdVMRndw_Q,1,1,1
MALAYALAM MOVIE ZONE,UCM-4FLAtNcy7FBXpMSxgMBA,1,1,1
TheEngineeringFamily,UC44eGZ76AJLHAxPaJ_MW2RA,1,1,1
Kwebbelkop,UCfLuMSIDmeWRYpuCQL0OJ6A,1,1,1
Screen Rant,UC2iUwfYi_1FCGGqhOUNx-iA,1,1,1
Matt Stonie,UCd1fLoVFooPeWqCEYVUJZqg,1,1,1
ディズニー・スタジオ公式…,UCCC2KYMK8Xq3Qs6WheLJJmw,1,1,1
Carter Sharer,UCtNBFUsxj2YVbEc5HquzFqg,1,1,1
الصوت التونسى,UChzJgvm9Mx7qQ6eh6j3Zuag,1,1,1
Jkk Entertainment,UC5tuYcCdiKuF5Y2ZonuarwA,1,1,1
ETtoday星光雲/官方平台,UCX157UE-NdaUGQJDkQ-XKnw,1,1,1
Lil pump,UC6pjHMC4QXMi4llCCjtDXWg,1,1,0
Ghazi B TV غازي بي تي في,UCWEsuwm65NowvewZXQ8Xbrg,1,1,0
GamerGirl,UCije75lmV_7fVP7m4dJ7ZoQ,1,1,1
Официальный канал…,UC1nlGP48mMeVoYrpKUaVrKw,1,1,1
Kimberly Loaiza,UCQZfFRohQ7UX-0CdXl-6pwQ,1,1,1
Rasmey Hang Meas,UCHwYHdX37UUt6d9e1wAp9Bw,1,1,1
Aya Nakamura,UC-69vhXlCa3XHbF8JHCQHfg,1,1,0
Chetak,UCQEloCMWEZFep85nHfbbg8Q,1,1,1
ProsafiaGaming,UC-2wnBgTMRwgwkAkHq4V2rg,1,1,1
Saas Bahu Aur Betiyaan,UCPmpyXciSmUXPwdTW_0mbGw,1,1,1
Анимационные…,UCmZx3uP8kvCIBMAONQiAvbw,1,1,1
AllGoodThingsNetwork,UCB1YLpwYHE6531IbxlonpyA,1,1,1
MetallicaTV,UCbulh9WdLtEXiooRcYK7SWw,1,1,1
Porta dos Fundos,UCEWHPFNilsT0IfQfutVzsag,1,1,1
OPPO,UC1ET-1gMajGNKzOvm2e_D7Q,1,1,1
뽀로로(Pororo),UCPUeGC_AL-OnDQORKhRm6iA,1,1,1
whitneyhoustonVEVO,UCG5fkJ8-2b2ZjWpVNpr7Dqg,1,1,1
Rathore Cassettes HD,UCT6O7t0sVNlWfTdl1ka7gxA,1,1,1
Betty Crocker,UCugLC-6krZ9GiZ_XV6xmYtQ,1,1,1
InquisitorMaster - My Gameplays are…,UCS7b93ZwoL1xt2hR7a7l2mg,1,1,1
AM3NlC,UCrGnb5RdHA9M6WGmBGYo4ZQ,1,1,1
JFlaMusic,UClkRzsdvg7_RKVhwDwiDZOA,1,1,1
Alex Boyko,UCKj4BooYGVlBTXW21nOwcgQ,1,1,1
قناة منوعات…,UCwDa42zQkqLhTlafhFKR9lQ,1,1,1
Grammarly,UCfmqLyr1PI3_zbwppHNEzuQ,1,1,1
Лунтик,UCdgDIIKpFlpHB1L0LZnh5EQ,1,1,1
Liova and Toys,UCQGRpfoyf2yNcDdBAxjgL7g,1,1,0
Tom Çocuk Şarkıları,UCkwi57pa5bzjWvOmKUviuvA,1,1,1
Wassabi,UCNdqe5zJ6k-i7XKoYWA4Z2g,1,1,1
Univrsal Media Pro,UCWi865tyDtqp36B1gPAT0ig,1,1,1
Riya Films,UCPxh8XbrczlY42mg6EtVTBg,1,1,1
DisneyJuniorIT,UClb8YSegoA2ZRSSXqXlFJaA,1,1,1
MattyBRaps,UCmdY1pHB-KbFYxOyhwjVeQw,1,1,1
Katie Angel,UCgSMDG8aGE3YHfBCXHuPpYA,1,1,1
Power Vision,UCatfiM69M9ZnNhOzy0jZ41A,1,1,1
Aquarela Kids,UCnC5FEYCvpN_Tq2eOpyg9pw,1,1,1
ここなっちゃん,UCkVtyn6MqO8b50SPCEPIvag,1,1,1
Toy School,UC8MR0wSTbzs5Yo7DgP04P-w,1,1,1
ToysYJuguetesTV,UCKNaHR0S6SES9qgsD3AhR-A,1,1,1
Favio Apaza-MansOn,UCDHGGycINsaRb7CoCghbBbw,1,1,1
Traditional Massage,UCF9IY-ClkhIYqCafMPLmQjQ,1,1,1
SlivkiShow,UCU_yU4xGT9hrVFo6euH8LLw,1,1,1
CrazyFrogVEVO,UC4XR0EZ0oHwSV2XhhShzX5A,1,1,0
Gajendra Verma,UCy436qLXlyLqddExVC64auw,1,1,1
Meera Stars,UCXYmVFtmldbsy9bMgy71sXQ,1,1,1
Ahmed Sakr,UCPTOVKHz6jwEOO3Fu7kDr6g,1,1,1
مصطفى GAME OVER,UC3CFqU4KlktVPPJ1Km87pRg,1,1,1
➜FavijTV™,UCSFC5Cio8zaLQDFPxA7y_HQ,1,1,1
SEPL VIDEO,UCtbFkUNRLtrn4Qy5WyTTseQ,1,1,1
VIBE & WAVE -Dance Studio Nepal,UCA3PiN-DkkTOubqAmMK0X4Q,1,1,1
NAJWA FAROUK OFFICIELLE,UC59iw_BuIBbBD4MAYKK5ryA,1,1,0
Animals Cartoons For Kids /- Learn…,UC9iYlDKCf_Ie2tackxtuz-g,1,1,0
MostAmazingTop10,UCBINYCmwE29fBXCpUI8DgTA,1,1,1
Skyheart's Toys,UC1X0zgwWlWHmNC59xWhMXQA,1,1,1
TOYS on the go!,UCe1T7EkHIHvOIWBG1Om8xHA,1,1,1
ZEE5,UCXOgAl4w-FQero1ERbGHpXQ,1,1,1
Wengie,UCD9PZYV5heAevh9vrsYmt1g,1,1,1
Anitta,UCqjjyPUghDSSKFBABM_CXMw,1,1,1
Major Lazer,UCMJ5Qf3sOvQpcYiai1Noa3Q,1,1,1
Cartoon Studio,UCbWbPnmuF9wMUQXPwEfu6Tw,1,1,1
Paulo Londra,UCzI7wZyqk7jpXWT_MILjepw,1,1,0
NMF News,UCvxi7_X1VSaMr_osIamYNaw,1,1,1
KemalpaR,UCGHWW_bnbqfOh1LKuFOTojA,1,1,0
タキロン Takilong Kids' Toys,UCU7cVpD6RJIiWw7LUZVMuCQ,1,1,1
Amar Audio,UChk0IxOyv4owBJg_IfurDkA,1,1,1
MarkRonsonVEVO,UCmfFGTSsfJVu6CGvL8r75qg,1,1,1
elrubiusOMG,UCXazgXDIYyWH-yXLAkcrFxw,1,1,1
MonLaferteVEVO,UCfgC5_OBzl_c93CCHPnQxhQ,1,1,1
Videos4Kids,UCh1DKtLmOMt6S9n5s6nXo8w,1,1,0
짤킹,UC-NiIeWEem2yb9Zq-p9glsg,1,1,0
Red Hot Chili Peppers,UCrSorX845CEWXzU4Z7BojjA,1,1,1
Xand Avião,UCfuRRJ76VluLiHW2pqwZNwg,1,1,1
SecondsOut,UCEVVENPnHv-kcp2PqQuJvHg,1,1,1
The Late Show with Stephen Colbert,UCMtFAi84ehTSYSE9XoHefig,1,1,1
RaceToyTime,UCVTQrl1dtafYX08IBb7Ehrw,1,1,1
Rai,UCKUzdt2sELyxd6mz-bAx3bA,1,1,1
elcarteldesantatv,UCunw-c0EKIX5LpPo8GpA2Aw,1,1,1
Armin van Buuren,UCu5jfQcpRLm9xhmlSd5S8xw,1,1,1
Zee News,UCIvaYmXn910QMdemBG3v1pQ,1,1,1
Dharma Productions,UCKQKIY2YlI4L5QVg7hhfjrQ,1,1,1
キヨ。,UCMJiPpN_09F0aWpQrgbc_qg,1,1,1
BBC Earth,UCwmZiChSryoWQCZMIQezgTg,1,1,1
20sarasa（にーさら）,UC9D6GpfD8DAG-NVF6Dv896Q,1,1,1
Yeni Gelin,UCrPU2odAMEU8gUzuUE1IQXw,1,1,1
ABC KIDS TV,UCbCmjCuTUZos6Inko4u57UQ,1,1,1
Coffi Channel,UCpDzpaUTbIkdjkCZ9pmfMrA,1,1,1
TiempodeSol,UC7S5EdUYwr7r04MrIjtSPNg,1,1,1
Nhan KTV,UCvMTMwmyCjtK0JAbESIa7Bg,1,1,1
PugPiano,UCR3ljBfu9JZtO4qZ5EQ0C6w,1,1,0
KjraGaming,UCP-CAwOG0AiieZNFdONsN5Q,1,1,1
Daily Fortnite Battle Royale…,UCUPwakTy_PtUBdY1HrgqaaA,1,1,1
Rajshri Tamil,UCx90XU2NsIhcc-XR3mlzv8A,1,1,1
Mobile MOBA Việt,UCpd1Gf-SZjc_5ce5vVq5FTg,1,1,1
Adexe & Nau,UCKR6KdJmTdhLVQJnoJu9tRQ,1,1,1
Уральские Пельмени,UCq2xl8Soe_NxR9EzLmahcTA,1,1,0
Sai Recordds Digital,UCZfxHANPHV3i5pkUNoHvZqQ,1,1,1
Mickey Mouse,UC5K8SEF_7GQBedXIjtXLCRg,1,1,1
七不哒哒,UCIQhxw3LvB6S-EAjSwSYAuA,1,1,1
Nikol CrazyFamily,UC_DVkYrg5uDDEjLHx4bStig,1,1,1
VIDEO CHO BE YEU,UCCxLyU6x_s_RNEGATShK4-A,1,1,1
Hector19Aquino,UCkXd72Un0XaReuatMc52DEA,1,1,1
Gael 777,UCDvoA6Mzp97r5hZgGp0YPag,1,1,0
Telugu Filmnagar,UCintIUOJEktQBfhEI9XXpuw,1,1,1
Sunny TV,UC9Cw1yZVo9bNGY863ayXRMQ,1,1,1
KuZin ToysReview,UCKHs0lhebTncn59ObjQGQSg,1,1,1
PUMBA,UCOdxj0dNaHxyrCfJqJMRknw,1,1,1
บ้านสิงห์มิวสิค…,UCfcc25RK9P04A8nolw3Il0A,1,1,1
Earth,UC4OecQOzxkmaXZQfAPcifkA,1,1,1
Eagle Music Video Station,UCaHeVvYo6wHdCvqohi6O9bw,1,1,1
FAM JAM,UCYY7BOxPt8JyXasG8m6eoDQ,1,1,1
PlanetaOfficial,UCffdZGxiVRy3i9EaZF4m0wA,1,1,1
HooplaKidz Franҫais - Comptines et…,UCD5JYoV-nhByjVk_NNJMG_g,1,1,1
Manucraft,UCVoKxxQdeckWgU6DQGZCoIw,1,1,1
Camila Loures,UCvuJTWl_peL49CUfF2EAbyg,1,1,1
4G Entertainment,UC2Jp7x7aza-9jUEcaJWMT3g,1,1,1
HZHtube Kids Fun بالعربية,UCtV1v4bZMh0zZdJk-oIN7ig,1,1,0
CoryxKenshin,UCiYcA0gJzg855iSKMrX3oHg,1,1,1
I Can Spirit,UCwlbJIowacxXAsOsizG1gBA,1,1,1
MindofRez,UCQCjPX6e8jI3ukAS-FijXjw,1,1,1
The Infographics Show,UCfdNM3NAhaBOXCafH7krzrA,1,1,1
Sing King Karaoke,UCwTRjvjVge51X-ILJ4i22ew,1,1,1
G Series (Music),UCID-e04-H5Luw7tKq25QS-w,1,1,1
Serie A,UCBJeMCIeLQos7wacox4hmLQ,1,1,1
The Young Turks,UC1yBKRuGpC1tSM73A0ZjYjQ,1,1,1
Lucky Surprise ToysReview,UCGS6-8s-xTgUAGHwNqbhYQw,1,1,0
Nhạc Thiếu Nhi,UCIGH-_79AsgNp2qpmznnhYw,1,1,1
Masha y el Oso,UCuSo4gcgxJRf4Bzu43wwVyg,1,1,1
Travel Thirsty,UCHKVXtT1YBCYUnnr4apqXfg,1,1,1
Animals Rhymes,UCD5J4ItOaylKUCoOsUEvpTg,1,1,0
MundoBitaVEVO,UCsr34saf-NXrh11hk4ESRdQ,1,1,0
BRIGHT TV,UCRL8fbGVG3IeGeWNXrGKi_w,1,1,1
Technical Guruji,UCOhHO2ICt0ti9KAh-QHvttQ,1,1,1
TraLaLa - Cantece si desene animate…,UCfz5rmyvOJK16EBW7ILaahQ,1,1,1
Mammyたまご,UC1l4SD4Ira5wjwmCGfMnCZQ,1,1,1
Infinite,UC_hSjGOO67A6gIDUcyuv_8A,1,1,1
Kids TV India Hindi Nursery Rhymes,UCZbTuDplLcBb4bTHa_-5_UA,1,1,1
Cosculluela El Principe,UCFWWSqETvq7q-Y3SBmduuTQ,1,1,1
HobbyKidsTV,UCc-2P5tCezbxegb7gxp6EXg,1,1,1
Otlichnoe / Отличное ТВ /…,UCK99S_ARllyaPAYEXHy135Q,1,1,1
Fresh Media Records,UCQjHoPr0kqN83Mmihy7nsWw,1,1,1
The Lallantop,UCx8Z14PpntdaxCt2hakbQLQ,1,1,1
Video Game News,UCitsvZeConV2Im24BVFH8hg,1,1,1
HighlightsNepal,UCrzyJYtjLOTfnUur8hsr7ow,1,1,1
Maha Cartoon TV XD,UCIxeBQQG8oJghvRzhFaxwyA,1,1,1
SWTAD - Stories with Toys & Dolls,UCGcltwAa9xthAVTMF2ZrRYg,1,1,1
adidas Football,UCaQHxlbPAmh7VWRudyRkwjw,1,1,1
TNV HINDI UPDATES,UCPrwE2ayRgL1bstqgkNP4wQ,1,1,1
Toy Trains 4u,UCLF-kfM8ZxHQ9lW_lpu_thw,1,1,1
FIFATV,UCpcTrCXblq78GZrTUTLWeBw,1,1,1
Lime Tube[라임튜브],UCxutPqfWSdYqaK8_tlc5PBA,1,1,1
Star Maa,UCJF4y2nyCCrDKTgA7dxz1Qw,1,1,1
東森新聞 CH51,UCR3asjvr_WAaxwJYEDV_Bfw,1,1,1
ReikaSole,UCj2USJz3JWaB18BnHa7ke-g,1,1,1
DALLMYD,UCI4fHQkguBNW3SwTqmehzjw,1,1,1
Patty Mayo,UCEYLdM2bdhmw-TS3c0TjFNw,1,1,1
Phim Khủng,UCkoVSTRRJAgGYm35C8s7Bvg,1,1,1
Promiflash,UCFVY0654zQ6DVFAHspGiOwg,1,1,1
AdeS México,UC3kP5e0DGxfXcUxG62idWeQ,1,1,0
Alesso,UC05i95k-w8CvrtZ-yGTob7A,1,1,1
GurinelTV,UCEcjZ5Vz6ygmDbtmce6N_zA,1,1,1
Toddler Entertainment,UCCaabPFpqlTog1a9NcGNg0g,1,1,0
CGMeetup,UCrSvhrtUgpZT3EU0x1Zoy-w,1,1,1
10-Minute Crafts,UC295-Dw_tDNtZXFeAPAW6Aw,1,1,1
Vodafone Egypt,UCSpKWMSmL8m-0XXqaPGtQKw,1,1,1
Juice WRLD,UC0BletW9phE4xHFM44q4qKA,1,1,1
LBCI Lebanon,UCpE6gpKewomi17XDyPfpFjA,1,1,1
RussVEVO,UCMC0rHAZ0KnayeGkSfRbVtg,1,1,0
Bely y Beto Oficial,UC7rJKxq6P9NZyhtTaT-JjWw,1,1,1
kevingatesTV,UCj2GTFekdV3EUsTVN8oaEqA,1,1,1
Çukur,UCTAkwLbVzHxsbgsp6cRsPDg,1,1,1
Луномосик,UCdKEBeInDzinQ6MG2HkF7Gw,1,1,1
NhacPro Tube,UCBZjBKNMZoFih4ubdiIDWLw,1,1,1
SandraCiresArt,UCYM02HkL0C3V1hAzw0HUXUw,1,1,1
Boyce Avenue,UCgc00bfF_PvO_2AvqJZHXFg,1,1,1
MINIC BABIES,UCcX4ie3M3kNEW-MGPI6wULw,1,1,0
Cris Devil Gamer,UCd0neB_LB1xpwIYDetX2qTg,1,1,1
Humberto e Ronaldo,UCvHWfLnaHdnUcR8M8z2UJxQ,1,1,1
Maymo,UCC7tqA6lA2QRw4BdrAEKFxg,1,1,1
Al Nahar TV,UCtpL6HyBK-z16GbJguHf3JQ,1,1,1
Amazon Prime Video Brasil,UCuNjvqjTzw9LcD9PVpTVWRA,1,1,1
MySpass,UCGcheBSVngQt09ubb0BZyJw,1,1,1
FWF Indian Movies,UCvYjsskcPHTSKZq5jHX1R5g,1,1,0
Ennahar tv,UC57OCoLoU6zAtBdJOmwg2vA,1,1,1
MAIKI021,UCXhDFaOPG2zhiYm9eXuMKkA,1,1,1
Toys Academy,UCf9xTqXTItfs5R0JZqlomjA,1,1,1
Aphmau,UCzYfz8uibvnB7Yc1LjePi4g,1,1,1
กระต่าย…,UCp9rPir6G-05mqqq4mbrRPQ,1,1,0
CanalKids - Brinquedos Surpresas,UCynnyuoTQ6zQrb8calEKs7g,1,1,1
FailArmy,UCPDis9pjXuqyI7RYLJ-TTSA,1,1,1
حول العالم !؟,UC9oqS4pLIQrrgJy_uBZq55Q,1,1,1
КЛОНДАЙК-ТВ…,UCYBo4YoABgDcP0_lUd4_65Q,1,1,1
ToyLabTV,UCJykHJfN9FHtf79IgYE00zg,1,1,1
OficialHungria,UCAI8SmRbXgSpP8Zo3xZbxzQ,1,1,1
Sorpresas Divertidas,UCem7txHgFM0Egj4saI2rhdw,1,1,1
50CentVEVO,UC0sL86jDLgs2fGRD-XBnPQA,1,1,0
Bhojpuri HD Film,UCJ2MWt6bV6fqpF51wuurLJQ,1,1,1
Los Juguetes de Titi,UCT80pRmuw_PIw_5HrqL9HPQ,1,1,1
Sevimli Dostlar,UCURSfY00AASuqKxT-V2Gi1g,1,1,1
STRELKA Уличные Бои /…,UC6uVHEgl379D_2a1kq0s6Kw,1,1,1
Nickelodeon UK,UCHiceVclOIFCgAcveITRLLw,1,1,1
MasterChef Brasil,UC2EWGw-KBjEReUbXMJEiaCA,1,1,1
Cennet Kuşlarım TV,UCgmilyz7ccKrwR4kW2_MKCA,1,1,1
Unique Vibes,UCn7Z0uhzGS1KjnO-sWml_dw,1,1,1
What Would You Do?,UCwdo8-3UrfZ9scHPl0m4Ysg,1,1,1
Milusik Lanusik,UCE0juXWwPCEPdgHGAW91NtQ,1,1,1
Angry Birds,UCYC2wjLop-S6Ld4raeoUVNA,1,1,1
Filmistaan,UCXZkaZ4f7d3-YuMyy76yS6A,1,1,1
Fun Friend Indian,UC29XfdUjOFHl9B_416ukFOA,1,1,1
はじめしゃちょーの畑,UClKeJXipXwX7_ZGxOBnMQyw,1,1,1
Rtv Drama,UC2PvBto6gvSLVub6CdwaivA,1,1,1
おるたなChannel,UCT0x6RQTeoZByaYt_k1Ranw,1,1,1
Basim Karbalaei / باسم…,UCLlMiPx_v5jFahvImDu_EFQ,1,1,1
TheNewAdamb99,UC4_Ssc1v_P5SrrFjbVG821Q,1,1,1
Evan Kids,UCUI8XDywSfFSYBLqNS79QKQ,1,1,0
Top5Gaming,UCYn6CZe5UGIyPe9WJb0pTrg,1,1,1
Raghav Digital,UCZRIvleceNUxAQpVQdQwLAg,1,1,1
Toys Time,UC_RVotI0xW-wZq4q3jJPJvA,1,1,1
Edu car toy school,UC3dt8G_iIiZXijtaaLgo1HA,1,1,1
Santa Songs,UC_c4psnFX-ZyCUXA_vlXpIQ,1,1,1
Toy Egg Videos,UCcUYGJmWfnkIyE36wss_nAw,1,1,1
My little Nastya,UCPOxKewOHmwumtiIfFyhFaw,1,1,1
Twins & Toys,UC9PZT9f2YJRmtQL9455WH9A,1,1,1
滾石唱片 ROCK RECORDS,UCPcF3KTqhD67ADkukx_OeDg,1,1,1
Aswini Tv,UC2svIP2CKYniEu_zYXaYDEw,1,1,1
BIG OG-ANIC,UCaOzSwh1OJMJJyPZkWjpR6w,1,1,0
Canal da Lelê,UCYwHhTxTAz6aLwMcyPitJjg,1,1,1
ヒカル（Hikaru）,UCaminwG9MTO4sLYeC3s6udA,1,1,1
AWESMR kids,UClkUrNgGC4BD6pWURJbM9MQ,1,1,1
We support you,UCvYTmg5i5GViJr3HpauJ26A,1,1,0
MBC GROUP,UCy2CIDKYZqqbeJ0NHNcJ9sQ,1,1,1
Hiralal Mahto,UC6dt-iy5U7MmegLW7Fx_chA,1,1,0
Smart Kids One Plus,UCxU7xOzM-iMfVnl0YNDOijg,1,1,0
Tic Tac Toy,UC8MR0wSTbzs5Yo7DgP04P-w,1,1,1
WatchMojo Español,UClgevvAYKcfuthTWppKT0IQ,1,1,1
Voice of Heart Music,UCn03Sav2sCFB35wvS_dhznw,1,1,1
Wael Sharaf وائل شرف,UCV6SwzLX6h0g5jbVlo02cbQ,1,1,1
PewDiePie,UC-lHJZR3Gqxm24_Vd_AJ5Yw,1,1,1
NoobFromUA,UCfsOfLvadg89Bx8Sv_6WERg,1,1,1
Super Kids TV,UC12_HhJo54uqZ5m6xCjoOFA,1,1,0
86 & Custom Protection NET,UCkjCVt4XfWH_S_2_ayNTTIA,1,1,1
The Jerry Springer Show,UCa8lOb_-AP7ZlaAE5IGzk4g,1,1,1
BonBon TV,UC6VSFaHYbR-bhNer7DXxGNQ,1,1,1
serial,UCjvuO1gMPI-7PB_eSXdtfmA,1,1,1
#Mind Warehouse,UCYenDLnIHsoqQ6smwKXQ7Hg,1,1,1
Tia Dani,UCR2IONXExRWEGxREw7lXHCQ,1,1,1
Juliana Baltar,UCqDauP_ke8Lwt8Hg3Xv-8Iw,1,1,1
Premium Digiplex Movies,UCFTtrxmEhd1pu-_ShK8XeIg,1,1,1
Viacom18 Motion Pictures,UCs56ffejFhWlCvlvRIdpb9Q,1,1,1
Google Россия,UCXRWXI7lyRMwn6PkuyHrhgA,1,1,1
Dobre Brothers,UCC3OGYxHwV8pB5yLobw9KdA,1,1,1
برنامج هي وبس,UCfypXlJbI-hA6eotW5IUTxg,1,1,1
Venus Regional,UCaI6qWhg6BMHx3keDO2OD0Q,1,1,1
Rytta l ريتا,UCtLFv_Rb5Wd3P1Fm02JhmKA,1,1,0
Natti Natasha,UCu59H8LNti6mwvcGRMge5PA,1,1,1
benny blanco,UCqrBKQHQVEvD2Q9FP0DCP2g,1,1,0
Polimer News,UC8Z-VjXBtDJTvq6aqkIskPg,1,1,1
ElAlfaElJefeTV,UCEU5ZK7DwN9ppqPFJiGah3A,1,1,1
iDream Telugu Movies,UC60U1OtwT9Y6Buecc6P0L5g,1,1,1
Yuki Satachi [af taehyung],UC33eJ--G-5xrwuMN-ANklxA,1,1,1
Baby Big Brain,UC15U8LldHq-u_VtBZ5WD-vA,1,1,0
MelendiOficialVEVO,UC5qFAfEOzoaSOS6At8ixYoA,1,1,1
HooplaKidz Brasil,UCOD2Fygr_xeVgEawvgi5tIw,1,1,1
Weird Stuff,UChRQWAIExUpHqJWMfD7KKRQ,1,1,1
FutureVEVO,UCFNosi99Sp0_eLilBiXmmXA,1,1,1
Happy Kids Games,UC-Gu3zZcFvn4DpLQPUFgqsA,1,1,1
MUEVA Records,UC9YImk7k5T4_LNMnOjiXNzw,1,1,0
QPark,UCEq2mmBydypRUvTlTgm_ghA,1,1,1
Twine Cheeks,UCW-c-_sOZWAesTTQxB_0CWQ,1,1,1
KARAOKE TIẾN TÀI,UCC26v_2zNIJkOodIui0o_tg,1,1,0
FOX,UCXIJgqnII2ZOINSWNOGFThA,1,1,1
AndrewSchrock,UCDlMf3zbdoWYzTwQsaD0fRA,1,1,1
Shivani Ka Thumka,UCEOtHgREkB998kW1wrwDrIQ,1,1,1
TBNRFrags,UCNAz5Ut1Swwg6h6ysBtWFog,1,1,1
I AM WILDCAT,UC-kOXc3gBwksVfmndSEz7jg,1,1,1
Klinik am Südring,UCj6mqrzXIg2xBiYvl9CsnxA,1,1,1
ronaldOMG,UCfjLwqL4XSPUDT7hVnViCmw,1,1,1
Alan Becker,UCbKWv2x9t6u8yZoB3KcPtnw,1,1,1
Tommy'sToys,UCpwOwri-jcVCf5R9IvppTaA,1,1,0
Al Rojo Vivo,UCDUxOvbwu1bnyD7AucP0ESw,1,1,1
La Voz Kids Colombia,UCpS_1IwmQd_f2AmTSBIqnyw,1,1,1
Peppa Pig em Português Brasil -…,UCvD9GB-E4q_TuMpwUtFBhLA,1,1,1
Kara Sevda,UCo4pRMCvQXDqXgDChYzYw9Q,1,1,1
Subhro Banerjee,UCBZOEwd8SNQsj3Pd0Rx3GVw,1,1,0
VTC14 - Thời tiết - Môi…,UCinkijG72G87sn-mtaFJTbA,1,1,1
FUNnel Vision,UC3FBdA2krgGmdGdqxqDjElA,1,1,0
Great Big Story,UCajXeitgFL-rb5-gXI-aG8Q,1,1,1
NHK,UCSPEjw8F2nQDtmUKPFNF7_A,1,1,1
Sony Pictures Entertainment,UCz97F7dMxBNOfGYu3rx8aCw,1,1,1
Warner Bros. Pictures,UCjmJDM5pRKbUlVIzDYYWb6g,1,1,1
The Official Gummibär Channel,UCyKa1YNZLio6XfjMR7fw45Q,1,1,1
BBGro,UC6CgAd-UX0dL4Xqyrt0KH4g,1,1,0
Sofia Reyes,UCxnuocYtHU8Sxo14SOOGveg,1,1,1
Banco do Brasil,UCayJQj7hiNhfFk-MJ8Z9H0w,1,1,1
Maiara e Maraisa,UCULzCZWkkOb9dW8rr6dguQQ,1,1,1
Bolly Kick,UCHiL-zHyeOnjb44ZcmZpIMw,1,1,1
兄者弟者,UC2GuoutVyegg6PUK88lLpjw,1,1,1
Blu Toys Club Surprise,UC7nGdI1YVbdj0lBqEeg8KxQ,1,1,0
Kid Studio,UCwBA0PfQ_x03pmpPr7gk9LA,1,1,1
eating show,UCHH8hwaPllZEv7_32jBfevQ,1,1,1
Ariana Grande`,UC9CoOnJkIBMdeijd9qYoT_g,1,1,1
HooplaKidz Deutsch,UCCmoqP3AIuZHrUmLX4YtleQ,1,1,1
Jorge el Curioso en Español,UCDcSq7113GYRMz6FxZhGajg,1,1,0
OyuncaX TV,UC2Fv5bsYzD36xxv9JrAuPzg,1,1,1
BonJoviVEVO,UCwlTofOAY79PS_GhmborAdA,1,1,1
Cinekorn Movies,UCFk2qpStVlJTkgedostU4kQ,1,1,1
Max Maximov,UCXUqOvkZol11UZt21vFsvQw,1,1,1
#Refúgio Mental,UCgQRN9EO5ksPZjs7EasIftQ,1,1,1
DUCK-Vibes,UCwLFjBCQ4CmOIT1KMDE6fUw,1,1,1
Phuong Le,UCOZ_1qXWSF5AbZNNyfjekpg,1,1,0
Super Kids,UC-ikVvfoDcZuqOjTqFDpVqw,1,1,1
RobleisIUTU,UCG8eSYvOQUpb9HM8zU5d6xg,1,1,1
Myntra,UCMlJjMRSKaUQhXQ_9XjCGpg,1,1,1
ABN Telugu,UC_2irx_BQR7RsBKmUV9fePQ,1,1,1
The X Factor UK,UCEY1ejsweY4DgMwOVJeEaBA,1,1,1
Аминка Витаминка,UCmCK7DVS30UnjZJq2McDuXA,1,1,1
Funny Vines,UCd07rKJ7Q0pg5ths7Pz8k8Q,1,1,1
Kinh Quốc Entertainment,UC6Jq_ZNGIU0k1P8uC7qcMiA,1,1,1
Robocar POLI TV,UCr-rCvgg21KqfrnGopaQeGw,1,1,1
Super Siah,UC-ikVvfoDcZuqOjTqFDpVqw,1,1,1
Adult Swim,UCgPClNr5VSYC3syrDUIlzLw,1,1,1
Disney FR,UCakQLdwrxuo0KhJ49Sq2csA,1,1,1
fumikiri channel,UCjsfBituOiCYAXc89rH4FnQ,1,1,1
PinkVEVO,UCXJDX1KK6t121Z9FLhu5o2A,1,1,1
Puthiya Thalaimurai TV,UCmyKnNRH0wH-r8I-ceP-dsg,1,1,1
Geetha Arts,UCiJfiEg1FImWsVuEu0L8X6Q,1,1,1
DJ ALEX,UCfXtHfpfxqGvi_C3AnfEU-Q,1,1,1
KBSKpop,UCeLPm9yH_a_QH8n6445G-Ow,1,1,1
MBC THE VOICE KIDS,UC8Q1gJfcRy5HKweJJb35gyQ,1,1,1
RHINO,UCyoEZ7icpGsUlki08Is8v9g,1,1,1
또봇 V (Tobot V),UC1WEOQjm8tyT1pXY6xaoYZQ,1,1,1
takahashi taiyou,UC6K0hSHAJZ7sAp4IAbQ4GFw,1,1,1
Natkhat TV - Hindi Rhymes and Tales…,UC-Kuxa0Oix1UxtYSe_WycCA,1,1,1
VGDR videos,UCXO6TJhaWwejI0B9BWVylJg,1,1,0
CalumScottVEVO,UCwUtwxkX0IDk9_OYaBcmRnQ,1,1,0
보겸 TV,UCu9BCtGIEr73LXZsKmoujKw,1,1,1
Voot Kids,UCJg19noZp7-BYIGvypu_cow,1,1,1
WhiteZunder,UC_dxqNXNp9dqbyDCXQEMckw,1,1,1
ManoWalterVEVO,UCMpL9JsSMkMDauEVbxn_rPg,1,1,0
Noticias Caracol,UC2Xq2PK-got3Rtz9ZJ32hLQ,1,1,1
Zapping Sauvage,UCAdyNOE80FsFPYlFliyXfwQ,1,1,1
Omar & Hana - Lagu Kanak-Kanak…,UCiZL26ScfRZDdEAkkPJgJbA,1,1,1
PizzaSlice,UCCKFuo-dgZW9yKHu0zXSnrQ,1,1,1
버스에 바퀴가 TV,UCxUZwdsqshu2iLQwdEE6e7Q,1,1,1
CANAL+,UCb4UAZwZqS4a35FrBcLlMXA,1,1,1
Shemaroo Bollywood Comedy,UC0PKLLmL8pIJLjOI1gBH_pA,1,1,1
Бернард,UClwZ3E1VMvySHEgOrkcpekw,1,1,1
Dj Adity,UC4Y_hi5CQn3xcXYFXICTWhw,1,1,0
KIDS ZONE TV,UCz0yhTJVJoN20-e5FKJhkeg,1,1,0
Solo Enganchados,UC9gB1VT0c25fgjBRO4nmPUw,1,1,1
The Surprise For Kids,UC8asGEZcK6RBq2QY52fAVHw,1,1,1
OHA diyorum!,UCMC76gnod0teGEDlpt3IHwA,1,1,1
YAPYAP,UCIWDs20QFcudiSe8LWQAAVQ,1,1,1
FilterCopy,UC7IMq6lLHbptAnSucW1pClA,1,1,1
Zaccharie de la Mallée,UCffVT5lMiSw8CAkZwIZesrg,1,1,0
Proximity,UC3ifTl5zKiCAhHIBQYcaTeg,1,1,1
Olympic,UCTl3QQTvqHFjurroKxexy2Q,1,1,1
Whatsapp Status Videos,UCzvlY6OLB7GyOu0JA6jdZUg,1,1,0
Đỗ Duy Nam,UCrZxFYEPtjeVQtnBK0HBgDw,1,1,1
Johny FamilyShow,UCq8KR1lnewd5ZPx9_XKoubg,1,1,1
Hành Tinh Đồ Chơi - Toy Planet,UCm3WWxht28Rv8VvR-k-BYLw,1,1,1
Lyna,UC-cnbLlplnXA4oc7rR21qzg,1,1,1
Mundo Bita,UC0cGVh96osM7yqMu0ENSKKQ,1,1,1
Melliart,UCd6xjtAsyhN6HfSw6lUSVMA,1,1,0
AuronPlay,UCyQqzYXQBUWgBTn4pw_fFSQ,1,1,1
ラファエル,UCy2LfS0YNOOj5SRFjCrbIXA,1,1,1
SVF,UC2GXNqco-k7fwg2SMM6SAzQ,1,1,1
ポッキー / PockySweets,UCzXjPL7zo0bxhOYDxLJ9YEg,1,1,1
SOUND ME HANG Official,UCOyJsvIgGBQgglBnStOB21Q,1,1,1
Trap City,UC65afEgL62PGFWXY7n6CUbA,1,1,1
Top Arab10s,UCmuu-cyRmGtp7OJpZS_Ektg,1,1,1
The Voice India Kids,UCDiry-ZUhslTrAyXFnRhNlg,1,1,1
허팝Heopop,UCk6bX-MZXdte_7kG8TbMkqg,1,1,1
Time In 913 تايم ان,UCVkZNfT6yOz1ngLkrS-dYww,1,1,0
E! Entertainment,UCj7V_ikJOXO9RC8at6kYfHQ,1,1,1
ElTrollino,UCI2FmVp--YL8d7iVFt8mmxg,1,1,1
Josh Grey,UC4KyTCx8kpTwoyqbRoOFnVA,1,1,1
rey vegeta,UCfQ7823A6560sslzVEWX5-g,1,1,0
Clevver News,UCQjh-JVPNWfY-KsZS3RgRHw,1,1,1
BestKidsColoring,UCSVnWGLirm2gOLys2jYKayw,1,1,1
六六撩劇,UC5UN6bXx6YV4r2QjBoTMmGA,1,1,1
Angle Music Official Channel,UC3zO4y9uGbYqxEVMyTjvGtw,1,1,1
Vivo,UCReO0narAXjFs59KFqqtE8g,1,1,1
Onedio,UCRr2Ib2uv9JSr77h6dY1d3A,1,1,1
Lovely Kids Thailand,UCCFpLJsWMYgI72Mb8vxmWEw,1,1,1
Awakening Records,UCBq5hp6DvwWam2XOXw6lYJA,1,1,1
Red Arcade,UCHZZo1h1cI1vg4I9g2RqOUQ,1,1,1
BROO'S TV,UCG9irHBCkfZAj36I3ZRx9ew,1,1,1
PoliceActivity,UCXMYxKMh3prxnM_4kYZuB3g,1,1,1
Awadhesh Premi Official,UCCyBiwdQbSQLAUOLOHn5l2A,1,1,1
Los juguetes de Arantxa,UC8KSoZAAZZ37IaVZHbVscfQ,1,1,1
CuriosityStream,UCd7zlpSjvUuUwsQdqV3LF3w,1,1,1
PJ Masks Official,UCY2jUnU118sVkdj2xafiJ0g,1,1,1
Banglar Rs Music,UC4iIUoNeVmB8G8cN4HZqSJQ,1,1,1
Trung Nguyên Official,UCAN2WVNbQJexoNAOB_TGnSA,1,1,1
Next9TvNews सीरियल…,UCu84ZK-7lFMeQFrvfrJdEoQ,1,1,1
KHON IN LAM OFFICIAL,UCrCNihaMRE_WJ2QF_7qd5Zg,1,1,1
FunToys Collector Disney Toys…,UCqdGW_m8Rim4FeMM29keDEg,1,1,0
米津玄師,UCUCeZaZeJbEYAAzvMgrKOPQ,1,1,1
VexTrex,UCE_URvMQZgvPqd8rzlFF58A,1,1,0
Мирошка ТВ,UCUYA9nNP2Pgz5RF_oMvnqdQ,1,1,0
Malayalam News Time,UCuu-l2gEGMxlCEjhakHgu4g,1,1,1
XclusiveGoGo (Old Channel),UCmFzPXYzT4N5xjjs34Gkvvw,1,1,1
LadyGagaVEVO,UC07Kxew-cMIaykMOkzqHtBQ,1,1,1
BW Record Official,UCeTf-Mjud5VbIjnMGZW1wTw,1,1,1
Pinkfong! Canciones Infantiles,UCrYwqJZ-AnvnyF8vRndgvnA,1,1,1
Pablo Alborán,UCf3L_9odIRo9G2L_-hsb7lg,1,1,1
Cartoon Network Россия,UCKTDayZg3-A55GqMy7h3BDQ,1,1,1
ЧЕРЕПАХА,UC6dXkr6y_gTsgyQyhuL99Xg,1,1,1
jvnq,UCZDVr0SsuSUYiq9hAOfoIfw,1,1,1
Baby Nursery Rhymes,UCKAqou7V9FAWXpZd9xtOg3Q,1,1,1
CJ SO COOL,UCVyM1Zknz3u2hGLAN2NVtZg,1,1,1
GameMixTreize,UCNVMW8UDDZYVxXJqVs3lnUA,1,1,1
김재원의 즐거운게임 세상,UCta_NRwnsUaew0t3VNxBNyg,1,1,1
ЛиПиСиН - Песенки…,UCcSJOBrq2QqYWvburfYirig,1,1,1
TapGameplay,UCRu4Stv2mLoUaLw2kWsowSA,1,1,1
Mariale,UCSyoRFkB5xkaa3ScUcBaETw,1,1,1
MiawAug,UC3J4Q1grz46bdJ7NJLd4DGw,1,1,1
Dekja,UCZrnmK_rH5hKsNjb2mABBhw,1,1,1
酷酷的文,UCU9YVxmnAKDKKw4pvn8X2jw,1,1,0
SBS 뉴스,UCkinYTS9IHqOEwR1Sze2JTw,1,1,1
MeLlamanFredy,UCqRxWQHFyjoLGuMTPqXdb9g,1,1,1
Hannah Stocking,UCkS8bfIrm38QCSQeOqRxR4A,1,1,1
MD Entertainment,UC3e0KfJEE6s46nn6_N-DMaQ,1,1,1
HJ NEWS,UC0AwRymrRJffcSyD-rJwATQ,1,1,1
РОМАН ФЛОКИ,UCa1-mUCsIyKHydo91IPHJyA,1,1,1
Netmediatama,UCrmgXElfpFPD9LDc_0aUfew,1,1,1
Rclbeauty101,UCB0d0JLn1WcGYcwwZ87d2LA,1,1,1
LipaoGamer,UCHuZmQ0lSW8TG81dVZZh5rw,1,1,1
Indonesian Idol Junior,UCicnSGyEYvT64s1PiiVSW6A,1,1,0
Beyond Wrestling,UCy91SdPgEDZnCHHm5ag32yQ,1,1,1
ABP ANANDA,UCv3rFzn-GHGtqzXiaq3sWNg,1,1,1
Grace's World,UC03GdYOZbnLQAPDXmjc6W9g,1,1,1
Naiara Azevedo,UCOfSEIUbEcOCMGPGyMPv4fg,1,1,1
Tollywood Nagar,UCqV5ln1nuIhyn6ywJIRxD3Q,1,1,1
DARK SECRETS,UCs9z8tKntYwX4JW7LueA2-g,1,1,1
Pyaar Lafzon Mein Kahan,UCSZCTqWb3uP7ozMaZnYOA-A,1,1,1
Jokeasses,UCiVKEVqsDn1fmzFaD4s_gpw,1,1,0
BanderitaX,UCxEGVXh6fi-XYo58NZrbIHQ,1,1,1
KanhaiyaCassette,UChjSqyxh6Y0IyKXw4Ta2AfQ,1,1,1
Говорящий Том и…,UCnBTGpEQ3LGPW2Shh7fiabg,1,1,1
RK Duggal Studios,UCjBwQ6M9QyCgO5Pp-TQRFUA,1,1,1
Candy Play TV,UCfBZQnAn5PGkLBAhUW2xU_w,1,1,1
SuperToyzCollector,UCTzzh49iUjkikX6ni8uYbSA,1,1,0
Las Aventuras de Dani y Evan,UCMPQu4lx_wy55Hi6F2qgiZA,1,1,1
Cambodia Wilderness,UCmlPcj-dh6CTpLhMsDGViiA,1,1,0
Real Madrid Rueda de Prensa,UCPtYSKUepn4iovKb-4SJl2A,1,1,1
442oons,UC4SUUloEcrgjsxbmy_rQQXA,1,1,1
TVBS NEWS,UC5nwNW4KdC0SzrhF9BXEYOQ,1,1,1
Kanak News,UC90RW5ZmBBqp4r2QIQxfACA,1,1,1
BiBaBo Nerf War,UCcmHmiEFz0qatMgV6E4VePA,1,1,0
Pueblo Teehee - Canciones…,UCy5TIpbOFxky2hTAIJb8SqA,1,1,1
ЮМОР ICTV -…,UCFTq_8SXc-SByisJqDZp9ZQ,1,1,1
Cloudy Network,UCdlMlBZXJu-cgOM_yfr1MnQ,1,1,0
БЕРИ И ДЕЛАЙ,UCDRVc_LN4TSbD86Rl18l9kQ,1,1,1
Team Edge,UCaRH3rDr3K3CEfhVqu5mgUQ,1,1,1
Learn Colors For Kids,UC2RNg_QGZriSGQo6enPLpeQ,1,1,1
TheSoundYouNeed,UCudKvbd6gvbm5UCYRk5tZKA,1,1,1
vicentefernandezVEVO,UCK586Wo8pKz0C50xlSZqSDA,1,1,1
МАМА+,UCkwdpttSzTi8v83n-Ei7_3g,1,1,0
Ouu Ouu,UCPSrHMH6BmzQlpJ-xI2RqQA,1,1,0
AlNaharDrama,UCVljfgnv629CtChzdI7JUFw,1,1,1
FEM,UClPb-Km8rDAcc6QrFUwsrVA,1,1,1
창현거리노래방 쏭카페KPOP…,UCPJmHR4CG_lRuVwKCo0kjjg,1,1,1
FamousTubeKIDS,UC9aDY1QGeUQI6vR7ikm0KrA,1,1,1
PitbullVEVO,UCVWA4btXTFru9qM06FceSag,1,1,1
DreadMarIVEVO,UCn8NXa_Nj_rCk8XlpQlvNnQ,1,1,0
TV-People,UC1cWTErb7vw_UmmuB0dYgsQ,1,1,1
Karina Garcia,UCTTJMptGhfJA67e40DlqbNw,1,1,1
Just4fun290,UCdPG86Ahrf9A8YzBnFDAaEg,1,1,1
スカイピース,UC8_wmm5DX9mb4jrLiw8ZYzw,1,1,1
Fran Bel e Nina Kids,UCE8tUeSgY2xlE5ZPCjl-S1w,1,1,1
Radio Mirchi,UCiymGrMPtIZHuVlChqjEW_Q,1,1,1
JAGRUK,UCKqgRPqRtgJZ_RSXSJraoMg,1,1,0
OWN,UCKBnlTTgEnhIXv_c4LvvyMQ,1,1,1
Toy Kids★トイキッズ,UCw5w-gK3yxrfmexZy49Lg7w,1,1,1
wisinofficalVEVO,UC9snVocfclGhLbFuSgrEfMw,1,1,0
Nerf War Movies,UCJv1rkl3-Qpfa4q5CJYLs9Q,1,1,1
7-Second Riddles,UCttFk8-Nysnyw59aNlWOWzw,1,1,1
VISION l الرؤية,UCra5N7T71Oq96Crw5k5Wv7Q,1,1,1
Un Poco De Todo - Plech,UCAB3buuWw0yMx9ca_rWwQiA,1,1,1
WhatsUpMoms,UCMfXv2enRXepxG92VoxfrEg,1,1,1
Nintendo,UCGIY_O-8vW4rfX98KlMkvRg,1,1,1
Xiaomi Italia,UC4cUoLnV8cmyx0eqDyc_vyw,1,1,1
Dream English Kids,UC6LKuH7RPkvRmzS9-8URtqA,1,1,1
Medcezir,UCOuMB2WSX_7uGEGGjjEeFTw,1,1,1
fixiki,UCs_uv3QyUIQjBoL1Ij5BdlQ,1,1,1
AndresCepedaVEVO,UCNkHHFjhLeOArMFKz29r4Qw,1,1,0
Armada Music,UCGZXYc32ri4D0gSLPf2pZXQ,1,1,1
JONAS,UCqD3OnFZJmKxXPhM-ScDK4w,1,1,1
CoCosToy English,UCpN2kLQMrJJ_-164XeIYrNQ,1,1,1
WorldMusic TV,UC2J421tSUgvHHpy7AzGAjcQ,1,1,0
japanesestuffchannel,UCTzy4FQNreZnkPG7ZlkTA0g,1,1,1
MeghanTrainorVEVO,UCf3cbfAXgPFL6OywH7JwOzA,1,1,1
Humble Music,UCz2si8w1MqVtl1moygyGqpQ,1,1,1
Bia Lobo,UCEFtJwDA4QOZ7QgHXd3Y1Ww,1,1,1
Oneindia Hindi |…,UCOjgc1p2hJ4GZi6pQQoXWYQ,1,1,1
Lu Li Pampín,UCCw5Xsx3WazdczGTKJdjwPQ,1,1,1
SBS Culture,UCYZv9v_bwfMGc64gLRe34OA,1,1,1
Amelka Karamelka,UC5lt6mntn4AoCJ4g4Mbps9g,1,1,1
NewShowBiz完全娛樂,UCX9VHpN62jkqCCntHxymPOA,1,1,1
5SOSVEVO,UClesqLjeKJd-dG8xLfzJyCQ,1,1,0
BritneySpearsVEVO,UCZijND2e2tPp2AQL8Go2YSg,1,1,1
Viki Global TV,UCqra4Lzndm4H0LB-zwOqbxQ,1,1,1
DisneyMusicLAVEVO,UCzSoH92KxHSJA0Ig4fEEWIA,1,1,1
MCVMedia,UCsluIbpgt14y6KUcwqCxXbg,1,1,1
Zombie V4 [ Tiến Xinh Trai ],UCShzY_Zghxhkdkh5nSWyBVg,1,1,1
20th Century Fox,UC2-BeLxzUBSs0uSrmzWhJuQ,1,1,1
Funny English For Kids,UCGlf_PEq2vPFDGPkX3zvFZw,1,1,0
Rammstein Official,UCYp3rk70ACGXQ4gFAiMr1SQ,1,1,1
Elhiwar Ettounsi,UCXzmMkXaHxMVlutDBD8goHA,1,1,1
นักผจญเพลง…,UCkL-XJeOpyjPpyHxb1JD-OA,1,1,1
Свинка Пеппа…,UCnenDeyXGv5IRYsa3QAGdhQ,1,1,1
Yashi Films,UCwt4YxSsBMxDwAMo5FoM3Xw,1,1,1
ZEDDVEVO,UCFzm6oAGFmmZfkrzQ5wATSQ,1,1,0
GNP Music,UCJYG48dCgMA-p5BVDabi3nQ,1,1,1
League of Legends,UC2t5bjwHdUX4vM2g8TRDq5g,1,1,1
Kids Monster,UC1vmrEuIxO2Fv7VuTO4sRMA,1,1,1
YEAH1 MUSIC,UCI2OiZs5aVcyBUBVsgovzng,1,1,1
Gibby :),UCY62oxtmOKk5-JLJOXBMWnA,1,1,1
더블비,UCyCL5k8P1iUOc1EymhhMW1A,1,1,1
Pineapple StormTV,UCqrFwa5vueOTzGZ7NSlnvlQ,1,1,1
Waheed Shirzay,UCCqah-jdy9YJq6IWnWLPkpQ,1,1,0
Santander Brasil,UCxvisnfGI7j6SCnpdz0lJpg,1,1,1
Playing with Kids,UCqPoizY22eEAmsvmFVUtb9w,1,1,0
Elizabeth Swims,UCGN_T2pzp_3rMBKvkfxEPxQ,1,1,1
Gym4men,UCbAckDXD-8pNEi5tCICqmBw,1,1,1
J House Vlogs,UCyjhyJoPHcQRxPLnWPjOecg,1,1,1
TV Promos,UCDR8cvjALazMm2j9hOar8_g,1,1,1
HKCinema,UC3IPOsELCb-fBHTfPANZa4w,1,1,1
MatheusKauanVEVO,UCVjsKYd_OXTP1M2Kbmcz64g,1,1,1
Keeper TheTank,UCVndx7SP91pwyYSnKj3uyLQ,1,1,1
TV3MALAYSIA Official,UCCduNupcztaN9sFrHV-fDIg,1,1,1
8D TUNES,UCrRpYEytIHGyDgNWO6VbHlQ,1,1,1
Noor Stars,UChOPyo-uWLVi5uO53mSBX-w,1,1,1
Typhlosion4President,UCNmP3TUBqcqAI3KSpUBIePA,1,1,1
Новий Канал,UCAptZHV2-xkB4GJGgSKRsHQ,1,1,1
MariAndKids,UCPGFLUUESbnhkOTpIt71Awg,1,1,1
Toys AndMe,UC6sSkkemzPjmrzS0Y0V_2zw,1,1,1
Call Me Kevin,UCdoPCztTOW7BJUPk2h5ttXA,1,1,1
MariahCareyVEVO,UClS0wn3LPs9jdX_yt2g1k8w,1,1,1
Rahasya Talk Show,UC55O030J0MzZ7arHcrgXdyw,1,1,1
Fatos Desconhecidos,UCbAiIkPobUFy71zlmwVw3jw,1,1,1
Muzik247,UChRi1dpwnsZcIo1LSwzY0Iw,1,1,1
Cool GAMES,UC7r_7zmnTa1zi57cbmRKeEQ,1,1,1
Яндекс.Такси,UCWAI8QZnLTlRegsTEaobXSQ,1,1,1
AVM GANA,UCE9xu1XvSRpuMkNZTol-qKA,1,1,1
Bengali Fairy Tales,UCi4vAMDUfdAA5anI47umOxg,1,1,1
MR.ROMEO,UCwunUHi4RWYZTrO2ZOXBxTw,1,1,1
Binggo Kids Tv - Nursery Rhymes,UCMZFIplJb2RzLTD8oz56ywA,1,1,0
Pac Pac TV,UCsikGKXtwGH3xitkw_OHgFw,1,1,1
Super Kids,UC-ikVvfoDcZuqOjTqFDpVqw,1,1,1
Cat Tuber,UCF_Xf8l8kspCPkgzhn5sYRw,1,1,1
Popular Magazine Indonesia,UCRJC6XblZt7XYnY9KNjyYeg,1,1,1
Smasher,UC0Rp4wkphkKwnL2qJB8XnKw,1,1,1
Bollywood Babes,UC_Qk2UznyeLyD4Rfkm_wbAA,1,1,1
Pikipoko,UCzrEo_MsdNCzEhbJ18W_DCw,1,1,0
DroidGameplaysTV,UCAJUA8jHgKMWzfRBd53mWoA,1,1,1
NewBadLabel,UCgEQoiI7YsQceMaGJHNtVPg,1,1,1
US Open Tennis Championships,UCXbboag48Qlr78zzz6SkzkQ,1,1,1
Söz Dizi,UCJkBcPylctTT0_jVC5XMFIg,1,1,1
F2Freestylers - Ultimate Soccer…,UCKvn9VBLAiLiYL4FFJHri6g,1,1,1
NDJ MUSIC,UCaMbHL_q0huzBW__7ud6mQw,1,1,1
The Daily Show with Trevor Noah,UCwWhs_6x42TyRM4Wstoq8HA,1,1,1
SAMSEARN OFFICIAL,UC25QRZSv1OIjJRYLepOeZog,1,1,1
pressnews tv,UC2tRhjkebu5aSo0IYcTtX2Q,1,1,1
enakimura,UCCw65y8UgB-bIWH9hJQYIfg,1,1,1
Veritas Speak,UCx2eRsOVWYmM-StX_lu7axQ,1,1,1
TMZ,UCK7IIV6Q2junGSdYK3BmZMg,1,1,1
Alka Music,UCsL9bee_FRjNWbBsHqttBEQ,1,1,1
Khandesh Fun,UCt7QdU40U0PQegZCdH2yPjQ,1,1,1
DORETDEPLATINE,UC-GI5LST5T3Gw93yZxjdFaw,1,1,1
Google,UCK8sQmJBp8GCxrOtXWBpyEA,1,1,1
Tiny Treasures and Toys,UCkmsA34NGhuZoOpp1-eBQvQ,1,1,1
Chills,UCN64HIrZNqFQYZ2BuyY-4zg,1,1,1
Coca-Cola,UCosXctaTYxN4YPIvI5Fpcrw,1,1,1
Kids World Dream,UCnV0EMlMgCW2F8jZF6MLYKw,1,1,0
Riot,UCkIM7McH1EKRnG5Ipk8qr1Q,1,1,1
SmartKID Monster,UCP5mpjpmtQf-i6qapLQrW3g,1,1,0
GAN_13_,UC83gPvleQosu4R3f0U3z-tg,1,1,1
철구형 (CHULTUBE),UCUY0FVprY69TQu5pbho2PNw,1,1,1
도티 TV,UChQ-VMvdGrYZxviQVMTJOHg,1,1,1
ARY News,UCMmpLL2ucRHAXbNHiCPyIyg,1,1,1
WorldTopBest Official,UCHq7Reqrfa9fiQu7p30ITyA,1,1,0
KBSEntertain,UCK1sVuXaDvJeNwl9noN5nOA,1,1,1
Animation Love,UCVy6yXWLAvmz9DfGWtcy_kw,1,1,0
關鍵時刻,UCKQVSNdzGBJSXaUmS4TOWww,1,1,1
Анатолий Шарий,UCVPYbobPRzz0SjinWekjUBw,1,1,1
Breakfast Club Power 105.1 FM,UChi08h4577eFsNXGd3sxYhw,1,1,1
officialpsy,UCrDkAvwZum-UTjHmzDI2iIw,1,1,1
50 Cent,UCOcnYBwT1jb6EHlS0cwhNkA,1,1,1
BabiezTV,UCzVw9odnihM5PgKSv5UnDPA,1,1,1
Phương Phương channel,UCegn232d8s51ul9xCr3F49Q,1,1,1
DonOmarVEVO,UCnGjxxnmYTUxRl85hrjtEBg,1,1,0
kougeisha,UCaO16EyoX6_064H0txQ0vZQ,1,1,1
Lord Kruszwil,UC4uocvXN4aPFQG6paBaMb1A,1,1,0
DebRyanShow,UC2APpwfAlZU8X0EezmhuXUQ,1,1,1
SBT Online,UCR3TOnFWDeAlT-Ho6LueDmg,1,1,1
Ирина Иваницкая DIY,UCtnryHWag1C9N0McOiXKnzg,1,1,1
RickyMartinVEVO,UCNpY5DI8KO-ROA2BxgGWrXg,1,1,1
mahzaidi,UCWHfnDU-YdhwcqOENULECwA,1,1,1
WhatsApp Status Video Mayank,UCPj4rTwcSbGoVDpkCb1JIVg,1,1,0
Disney Channel Brasil,UCunkR_ekffRWZppVa1E6tIA,1,1,1
NBA,UCWJ2lWNubArHWmf3FIHbfcQ,1,1,1
Orkun Işıtmak,UCIXYyHANDvinQMIdauzSNJA,1,1,1
welovekamikaze,UCjqZeIIXmNj3WS7auJjJFpg,1,1,1
Canal 13,UCd4D3LfXC_9MY2zSv_3gMgw,1,1,1
Shemaroo Kids,UC9iBBFfq7L3ipvodSLrU8gQ,1,1,1
KhalidVEVO,UCcN-NDV03eHs6oLd1pe2r8w,1,1,1
MuzikPlay,UCazM5oX41f0eDAcb4N63l-w,1,1,1
Mr Amit,UCovNhnU5h6VfM8mVd54istg,1,1,0
Bengali Movies - Angel Digital,UCiCnPY--pbn5S8JkJdV2PbQ,1,1,1
Hot Buzz,UC1cJ7YO6_rBYqLtL96-_8qA,1,1,0
Babili TV Türkçe,UCaCO724zVm0yu8jLEBMYDDA,1,1,0
Warner Bros. Records,UCDj64sior23IP_7xLe8R7sg,1,1,1
Diva The Series,UCG9eNeLwgczW2cI1X51y1fw,1,1,1
StarPro,UCzSGIHxvFPNyXb-o7juhGjA,1,1,1
theRadBrad,UCpqXJOEqGS-TCnazcHCo0rA,1,1,1
MULTIMEDIOS,UCo1nfa1JKNqtcUyLjLwTiIw,1,1,1
YouTubeBrasil,UCUN9lhwfMJRxMVuet7Shg0w,1,1,1
DeToxoMoroxo,UCq_oSgHK9lk6NUUgkhUOPnw,1,1,1
Fortnite SparkTV,UCtccBdmeFFeCTSf45is-0qA,1,1,1
سوبر سمعة,UCRQ2pHdg7P1lPYNrX0YW3lg,1,1,1
SBS Entertainment,UCmjNKt6kITwaZTqvWuaSPLg,1,1,1
WAYANG JAWA,UCqnjV-O3TOXYRINWZYLLCzg,1,1,1
JMMB Films,UCasNUhix_xc2freIX7Tk1ww,1,1,0
Pehchan Music,UCBzRNetz7eOSqcAdNXhPZPA,1,1,1
MrGear,UCo6DJdltbIub80bLiyJRv3w,1,1,1
Best Moments EVER,UConshm4kxlBtphtieq46b7w,1,1,0
Town Production,UCC3kuksIZZQO6kVQlApEW1w,1,1,1
【レペゼン地球】僕達は更生しました。…,UC3eTZ5Yld6qufD6rtEiERdw,1,1,1
TikTak Draw,UCXW9I3tejb37PGHyHcQc6hA,1,1,1
JamesAVEVO,UCnPjVVu__eOVZnAnjBiGhKA,1,1,1
Keller Lokomotion,UCktk5ydRsrlHf9Ozp1XxjVg,1,1,1
The Office US,UCa90xqK2odw1KV5wHU9WRhg,1,1,1
MEGA BANDAS FANS,UCtufnTLqGzxuZYKXGleNFhw,1,1,0
Bradesco,UCwVzFkXszeP__iWXNV2EjhA,1,1,1
Ekta Sound,UC54FS_YP3B6bJkQ9gwF0lBg,1,1,1
COLORS,UC2Qw1dzXDBAZPwS7zm37g8g,1,1,1
Moto Madness,UC5nVgiv6elz5GnS6MTr1tVA,1,1,1
BITAG OFFICIAL,UC95pSgGOrWclOheq6cchfPw,1,1,1
SENS DE BAHRAIN,UCr9cH2QrR_gY1bnyPZo4nXg,1,1,1
TopMax,UC7-EJtnI9Zdr6wBM4vdhnfQ,1,1,1
Vox,UCLXo7UDZvByw2ixzpQCufnA,1,1,1
SECRET INDIAN TV,UCZz3_h8kVL2VlE784JDkA_g,1,1,1
BuddyTravelr,UCn1TL4TrWnT52L9LUlQihHQ,1,1,1
Body Mania,UCWUi0SCvgAGNJyS3Jmfibow,1,1,1
TUBERIDES,UC1vKZUIDvfvnQcpxUfp5tSw,1,1,1
ぷろたん日記,UCl4e200EZm7NXq_iaYSXfeg,1,1,1
Troom Troom SELECT,UCIJ44QRtVGm_gBh_deuL5ow,1,1,1
ExtraPolinesios,UCY8LnVxm0Hf7DKPKuLPxb2g,1,1,1
FaZe Rug,UCilwZiBBfI9X6yiZRzWty8Q,1,1,1
Windy Beats,UC1hs7BaV9bp245qnJ_GZnhA,1,1,1
Vikkstar123,UCvwgF_0NOZe2vN4Q3g1bY-A,1,1,1
Hana Callista,UCVv-NJTqYHKp-j3S7Efap4A,1,1,1
Vlad TV Show,UCmysr0_PNzm2mwaCLZfWyvA,1,1,1
Steve TV Show,UCEs-zSwH2NYGskxF-ptoT1w,1,1,1
Thisiz Balti,UCV9x1Bo83ByXbqJga1ZxaJg,1,1,0
TRT Çocuk,UCrFf5dtMe6M1XJHqbKJ4X6Q,1,1,1
LHARBA TV,UCR3a-L95BbZOMzF0p2J4IXQ,1,1,0
Aventura de Princesas,UCEMWjZchcHSPXmKrlCTdY4Q,1,1,0
TIM,UCXBE_QQSZueB8082ml5fslg,1,1,1
SAMAA TV,UCJekW1Vj5fCVEGdye_mBN6Q,1,1,1
Smile Toys Review,UCjZ-Ekz7JDN6GDXwusvSHvg,1,1,1
IndiaGlitz Tamil Movies |…,UCuF8-WmBJvhV5rZj2aYSoYw,1,1,1
偶像剧场 Idol & Romance,UC7ACqIQiy1SkjglQQ6bWDRg,1,1,1
SERVANDOZL,UCo411X24UFBU2HlRLWWSP6A,1,1,1
Boomerang Deutschland,UChcDNaLm0F8GZY4fRhZEAeQ,1,1,1
Movie Thread,UCFum6k7yZIBtu4xQxyy1Q6A,1,1,1
TheBeatlesVEVO,UC4dqLAF7yT-_DqeYisQ001w,1,1,0
Nek Music Tv,UCt7Prw97_jb8oAlKnO3oVcQ,1,1,1
Lama Faché,UCH0XvUpYcxn4V0iZGnZXMnQ,1,1,1
Nick Jr. Россия,UCSLZXHSv1aQDNeLN3GX6bew,1,1,1
Royal Music Gang,UCaDCMM9_UgZpWPAL7f9GLfA,1,1,1
Gordon Ramsay,UCIEv3lZ_tNXHzL3ox-_uUGQ,1,1,1
whinderssonnunes,UC3KQ5GWANYF8lChqjZpXsQw,1,1,1
ดอยแม่สลอง…,UCLb_G1z0A6W3BrDhW9cJmmA,1,1,1
PAW Patrol Official,UCSVSJ1OCSv5ClFgKFTHIDew,1,1,1
Lil Peep,UC0gOw4iy-6HwO01q-gA1B0Q,1,1,1
BrunoEMarroneVEVO,UCO3IrVb2zWVZmo9Lila2GbQ,1,1,1
Tarang Music,UCcg5_O9TsTLMUbvK6K4Shdg,1,1,1
laSexta,UCCJs5mITIqxqJGeFjt9N1Mg,1,1,1
Landon,UCX__hU61VF3Bu8AHk18KaEQ,1,1,1
Facia Üçlü,UC224rmGi0ADLCQe3isF1NJw,1,1,1
Tfue,UC9lSZSYpDDE18hoFA7YlBpw,1,1,1
Juke Dock,UCticaNjYGCpYXyo4BxM3RWQ,1,1,1
Fun & Diversion,UCSHu_JV5DFCQ2KAOF8yTFzA,1,1,1
PhonePe,UCe0domeQWPT2ZeIQDJg9XkA,1,1,1
ЕвгенБро,UCI-t7aBR9T38EzLaNNXLLqA,1,1,1
Ami Rodriguez,UCwohKbRK2QnojtLh3p7xwaA,1,1,1
msvogue23,UCstaTFTqZAC_OqfAq_JF6vA,1,1,0
Bikini Ifrit,UCSuNyZj316skzw4q_I5BYlQ,1,1,1
AkonVEVO,UCX2v47KsDKqajrEYFV7GbBg,1,1,0
Jessy & Miles ToysReview,UCr7Bcu_X0cOwNfNM6ePYBXA,1,1,1
RicardoArjonaVEVO,UCu4MUKzbk6eWF-mbMB39jTQ,1,1,1
Knallerfrauen,UCWCIIJRQImUtolnWZjcSB7Q,1,1,1
헤이지니 Hey Jini,UCdet8uJfTFlACtY05BQmJ1Q,1,1,1
El Sobky Production - السبكي,UCSVSS5aSyHh7ChJlICx_Gkg,1,1,1
شبكة العاب العرب |…,UCV2JkEBmtfSYGAIlprAhAyQ,1,1,1
VIP KHABAR,UCJEGeE7dnlBJQkqqZoSG33w,1,1,0
Historias de Juguetes,UCwaxDXAjuKeynj3sufRICJQ,1,1,1
Happy Channel,UCMoDrhE-gWX6v8bYRyLGYmA,1,1,1
CAPTAIN Movies HD,UCUGaA-c_-gJiSAMUPHTmj6w,1,1,1
The Noite com Danilo Gentili,UCEWOoncsrmirqnFqxer9lmA,1,1,1
SunnyKidsTV,UCBJFCOuOaAJTiRhoqmhkVCg,1,1,0
OGGY,UCNEKMkg_DG8eAyR1BNWsSvw,1,1,1
jaquar,UC11SeC4XAp1zm4IwB2lck5Q,1,1,1
BabyBus - 子供の歌 -…,UCwYFFFgr4wl5Oby8gBbAZzg,1,1,1
BIHARIWOOD -…,UCci0dgYE7TxkjVmILY4mSfQ,1,1,1
Барбоскины,UC2el0G8cIcOOdjlHy2KOBkQ,1,1,1
Jazzghost,UCIXguhHCl8eDTkXpEuiGPUA,1,1,1
Como dice el dicho,UC2defKgrFIAQgJCH3XFUccw,1,1,0
DSA RECORD,UCkKwFOqr6CTEwO3frYn7wiQ,1,1,1
Werevertumorro,UCzVIrPfZBE-XkBISBybMBLA,1,1,1
SkyrockFM,UC5BYACI8gIm3wDlVnhKFG5A,1,1,1
justintimberlakeVEVO,UCsXfDf1CDgU3SCt0gxJNXGg,1,1,0
ETV Dhee,UCoY_p16GEbOQPgES1-wXpYg,1,1,1
Yasin Pehlivan,UCH2jYXhOLdqD2xUMiqd5pMw,1,1,1
Joelma e 3 vidas,UCigJ9mHSqiYb1aYk2GtnuCg,1,1,0
API Malayalam,UCGH6FMbhlmVDUP96nQVYe2Q,1,1,1
OficialMana,UC3cSX-0y3IZzr2F2J1dFlUg,1,1,1
Toy Jelly,UClficNojymRrJdbdjsE7jgQ,1,1,1
Amit ki Funny,UCGO-ttaV5UiM-_FrkXpKNaA,1,1,0
Filmi Jhankar,UCKy8EZGn-oqrvKyt_B984xg,1,1,0
Big Marvel,UCgI8VzlDGsHCp0-9Een1eKw,1,1,1
CrazyDek,UCM5RqT3BGzIwOe8_sZa6Qlg,1,1,1
H2ODelirious,UCClNRixXlagwAd--5MwJKCw,1,1,1
XpressTV,UC0YFjwJc3b1otDerdv6CfWA,1,1,1
Skrillex,UC_TVqp_SyG6j5hG-xVRy95A,1,1,1
Juan De Dios Pantoja,UCzoUWqjCbcfWFdOMvoep8FA,1,1,1
YOYO DODI,UCKt1YRzEE1yJtxh8Ezwz0lQ,1,1,1
The Voice Kids,UCsaKxIA9snv1Wrh_sw1DFvg,1,1,1
Cheers!,UCYc3JNvtOfwHWU_DSByJm2g,1,1,0
Universal Pictures,UCq0OueAsdxH6b8nyAspwViw,1,1,1
The Axel Show,UC7L2_T-dBKRaAbdXgGd4q5w,1,1,1
Top Gear,UCjOl2AUblVmg2rA_cRgZkFg,1,1,1
Yasmin Verissimo,UCuw1YgMJO07vY24o0zfGJ_A,1,1,1
Kitchen Nightmares,UCUZzyuAlhHNP3oiuMjn7RfQ,1,1,1
Crescendo com Luluca,UCnrGkE2AmBAv6Vxj6kjf1jg,1,1,1
Desi Music Factory,UCLtNvbkqea8wN_kGtfgx_Mw,1,1,1
Indeed,UCk3u_P1wYZbbQkzj_OP0_wg,1,1,1
djvlad,UCg7lal8IC-xPyKfgH4rdUcA,1,1,1
Liza Koshy,UCxSz6JVYmzVhtkraHWZC7HQ,1,1,1
ZaynVEVO,UCy5FUarBYUHFpPtYVuvzgcA,1,1,0
Minik Tv,UCSbOQMiSrECOW_JCWFfFNbw,1,1,0
Мувики.рф — сцены…,UCh3TRhQLP5a3B2SFZDaITcw,1,1,1
TRUYỆN CỔ TÍCH VIỆT NAM,UCYx5ufBOzgnF3uX6Xi_S3sw,1,1,1
TAEEXZENFIRE,UCTCJ5s6fft7WsnPD4avg9Xg,1,1,1
مصطفى الخاني | Mustafa…,UC8ovHRdSaso5UDVfWECX47g,1,1,1
Macklemore LLC,UCXYRdIXDdeZIf816EWAr5zQ,1,1,1
Área Secreta,UCcFgREmujdPHvA7I_VOmgIA,1,1,1
Arab in USA,UCUQ9L9-Ibzs53lfjspxpm-g,1,1,0
Christina Perri,UC2gMECGMn5TVbRN5S5tKb8Q,1,1,1
Clash of Clans,UCD1Em4q90ZUK2R5HKesszJg,1,1,1
Princess ToysReview,UCnbXTLf759w7i8BztCKzMAA,1,1,1
天下有景,UCecArS1NNVaec1hHk0iBT0w,1,1,1
HawkFeed,UCVpDJ1o5DKVMmpfuQnSf8mQ,1,1,1
Badanamu,UCQD_yZCS2BGO_BXtYrXFg1Q,1,1,1
EverythingApplePro,UCj34AOIMl_k1fF7hcBkD_dw,1,1,1
Bratayley,UCnrO0wqhKpMYUt_wSeaIasw,1,1,1
Chickypie,UCIcpITw20T4_cpwVH3QePHQ,1,1,1
Spiritual Mantra,UCaF3MVnBYNnjAKF16k3mUjw,1,1,1
French Montana - Topic,UC4-6_ZDEUvmsdgVNmoqt26Q,1,1,1
Musicancion,UCEuvyvpl-H9ez6cFkD3uGDQ,1,1,0
Quantum Tech HD,UC4Tklxku1yPcRIH0VVCKoeA,1,1,1
AlArabiya قناة العربية,UCahpxixMCwoANAftn6IxkTg,1,1,1
Memeulous,UC1o6smXb21IK3HV0yUcOFNg,1,1,1
CarlosRiveraVEVO,UC98xNCw0IbVamYucnjMdu5g,1,1,1
Wow Cartoons,UCRZGmOiXD7DRBG6VPc6KVRQ,1,1,1
Avşar Film,UCcpY8WNM1xHPb8t2rjjZmwg,1,1,1
VH1,UCvn-HVrAGYEKsVx6gW3MeNQ,1,1,1
Manorama News,UCP0uG-mcMImgKnJz-VjJZmQ,1,1,1
Master David,UCdAaI10sNoTH1RDyMPXL5IA,1,1,1
ЛитлБой Адам,UCD96EM_QXv15YExfhSv0yyw,1,1,1
しばなんチャンネル,UColoXxvhfz54o0icqQRPzYw,1,1,1
CalibreCincuentaVEVO,UCoAXIMqrhLmnGTkdsrna3cw,1,1,1
Baby Bear Juguetes y Sorpresas,UCtZZso-XQphGHDgqz5CAsZA,1,1,0
Saas Bahu aur Saazish,UCCaJ-4eia53A8FcZD-KwaeA,1,1,1
Shopee Thailand,UCb-nPCNWXBnxbU1SmMz1a-Q,1,1,1
BollywoodSongs24/7,UC9zNlppYFHU9GAbGEYdnkzw,1,1,0
Chanda,UCzqm-ien6aEj8CSfafHCBzw,1,1,1
GreeicyVEVO,UCf-Szc6YLd8rMnMXGThznFg,1,1,0
Authentic Boy'Z,UC-mqUZ5nxBsZWUedFfRdOfQ,1,1,0
Chili World,UCBGzm7haKhfUdBBREbGMfIA,1,1,1
BackstreetBoysVEVO,UCUFdeo1oLLH_QPlaQfZrqbg,1,1,0
3BEPbEaero,UCYvE5jjmdQ4Wt8VD1ddznKA,1,1,0
KidsMeSong…,UCDKeoWryNr3CSyuI3Ksyz-Q,1,1,1
أسرار لم تكن تعرفها,UCoz2m5Ndx7I0uaIYGdh2rKw,1,1,1
The Amazing World of Gumball,UCoBpC9J2EcbAMprw7YjC93A,1,1,1
FactTechz,UCGdPm5Aq081vVD7ih9jZf6Q,1,1,1
PS TAMIL SONGS,UCAGM-0z6TopsOX6wjy_8yIw,1,1,1
PTXofficial,UCmv1CLT6ZcFdTJMHxaR9XeA,1,1,1
ワタナベマホト,UC4Au2QrbfaSjHPSdk5tUBeg,1,1,0
LOL Network,UCLRmIdRJgLfmdpJufmBhBuA,1,1,1
Unutulmayan Diziler,UCUX4LSFpNfeTxRC3smQfELw,1,1,1
Videogyan Kids Shows - Cartoon…,UCCc1DMB-AcOssKJ7KweLXBg,1,1,1
Aaron Esser,UCOTaQOueW7Va3rVF3PGL4hw,1,1,1
Kênh TodayTV,UCqDfu0gtB0aJCy4jIHL_6bQ,1,1,1
Aj Art Production - عاج…,UCeuEvvfHa4BFK21xB6RXJXA,1,1,1
Oficial.Tatiana,UCUfPjVP-VmEQYi8WMDlWGDw,1,1,1
RomanAtwoodVlogs,UC-SV8-bUJfXjrRMnp7F8Wzw,1,1,1
RaymixVEVO,UCaPa8qV1DyCennlb8mkKZig,1,1,1
บรรจง,UC36xpYcGhhR3OKrOPbEJ-yg,1,1,0
ElChurches,UC3MkSLMRz4KzhsjPUtBtPdg,1,1,1
Viih Tube,UCl5i1KWUAV7hdT5_tL8l6RA,1,1,1
captain entertainment,UCrxAEewjK3K1lZTrR7q2umw,1,1,0
هل تعلم ! Did you know,UC3QLsqW5lI_QJXz5I_sj4dQ,1,1,1
Guntur Talkies,UCy2Py_PXmzlHmAcM4Mvpwgg,1,1,1
Rajasthani Sangeet,UCBz4RiTOLEEjJViQfHpliNA,1,1,0
Fun Family Three Ava Isla and…,UCbI88iqwpseDR6MJC9oWPjg,1,1,1
Kyoot,UCI8V0wOaigGdBpv5uk7DxxQ,1,1,1
MC Naveed - Minecraft & Roblox and…,UCz_yrc3BO9ve7UgDGZn4dig,1,1,1
Tv9 Kannada,UC8dnBi4WUErqYQHZ4PfsLTg,1,1,1
Ultra Movie Parlour,UCYauDsl-rswjQGpA0_-Z9Pw,1,1,1
Os Amiguinhos,UCXyGbNdywPKSJ88vPKN0vgw,1,1,1
SB Maffija,UCTIyVgnTO9gGZBFq6GRJvUQ,1,1,1
Mr. Marmok,UCf31Gf5nCU8J6eUlr7QSU0w,1,1,1
Meshwa Films,UCW8BWcgpCtPRG3nLSGLAK2g,1,1,1
Biper y sus Amigos,UCYslmQ8uJYORVagKOtejwAQ,1,1,1
Operación Triunfo Oficial,UCc1sAhdaLjfJi11X1awO-yg,1,1,1
Mirror Records,UCqywO5EaH36naHEWp0FL-gg,1,1,0
Rajasthani Chamak Music,UCf0lIaxqbW4zl3Ye7Fdh7eg,1,1,1
The King of Random,UC1zZE_kJ8rQHgLTVfobLi_g,1,1,1
Budha Subba Digital Pvt Ltd,UCNR1KcWXj7zpWQFJtU3ddYg,1,1,1
Flutter525,UChU79FLnClqlRSTSZe3EjNA,1,1,1
TCV Games,UCsJiR6wuLBha26JXo6YAYGA,1,1,0
3T Nerf War,UCyooM6-rmdkwxxZT-96RLcQ,1,1,0
Electric Entertainment,UCQShCYQdbXdRn2GIO5YFf3Q,1,1,0
Danieli Trabelsi,UCwAI-NI8Nwma2eQkgmWbb8Q,1,1,1
IMPACT Wrestling,UCOp8wkVqdrWbFYHjDv946QQ,1,1,1
Kozak TV,UCSABHsK4IQHY4LwCzEQMUxg,1,1,1
sagamigaokaac,UCUdsAj_U-yYwVLewMSd3xEA,1,1,1
Josna Media,UCs8FY0Xz-ibgINp5o3iqo6Q,1,1,0
Standart Skill,UCQ_hHJ0uTbzFLHrk1XHGXtw,1,1,1
KygoOfficialVEVO,UCYpVqLSvfseUqb2URAkexlw,1,1,1
Sunrise Media,UCF3TM1yxDMdFm2p3h11j52Q,1,1,1
Golden Line for TV Production and…,UCyaYjMo5HeeTygGrKvLZssw,1,1,1
Crime Files,UCFlrqXBPT5Vk2w-np5KC0jQ,1,1,0
LAY TV,UCAhCvfihfURg47Ai4NCIr3A,1,1,0
Tom çocuk şarkıları,UCkwi57pa5bzjWvOmKUviuvA,1,1,1
Folagor03,UCYcdw2wL6W6iGBKZgGK_Hjw,1,1,1
Tiket.com,UCciahYI5Kmds9y_W7TtPucw,1,1,1
MANO DJHAY,UCpP4WN0Sr8VAFuIb8vYnW5A,1,1,1
Little Big Toys,UCGMHLRrGvKWWdk6EAZOqVfQ,1,1,1
chayanneVEVO,UCfbQgKWGkTqGie-arknW-Ew,1,1,1
PhimViệt GameNhi Xỉn,UC6kRRPZQjWHI1_JV-QoRB7w,1,1,0
Totally TV,UCPOIFuct7fjWKkiDRTNJqrg,1,1,1
Young Thug - Topic,UCm6WwhIkHJFRGQd7ttnr9lQ,1,1,1
TheRelizzz / STUDIO,UCSxXoOF9zs25Xw6BcewTQHw,1,1,1
El Chavo del 8,UCwNN151P5pMcQSXYPkEpMaA,1,1,0
FifthHarmonyVEVO,UC09d82usokACH1z5YeKnfiA,1,1,0
Sarah And Melanie Live,UCyprWdWlUpE9_f-Il9zgj-w,1,1,0
BandaLosRecoditoVEVO,UCThhGOjJNWL4ZK45UrRh27A,1,1,1
X Factor Global,UC6my_lD3kBECBifeq0n2mdg,1,1,1
Канал о собаках Dog…,UCgl2LFFNXlb6NicEscnFgAw,1,1,1
Rakanoo,UC4Ps1x7PyRNYVz7E1Kymihw,1,1,1
HoneyheartsC,UCIX3yM9t4sCewZS9XsqJb9Q,1,1,1
BlackEyedPeasVEVO,UCrwmu-gceGOmtZeuTsn7DlQ,1,1,1
Jonaki Media,UCn589HqAX3Pwonbg119A78A,1,1,1
Painzeiro,UCCnl0HqjHFj6akQZBW81whQ,1,1,1
ShowBusiness,UCqUbbjtxq-sMYNMLf3ytrmg,1,1,1
Cracks,UCv1xjGi8KibuoOK8StRFCWg,1,1,1
